station,Vendors
200000,Apple
200001,Apple
200002,Apple
200003,Samsung
200004,Huawei
200005,Apple
200006,Samsung
200007,Xiaomi
200008,Apple
200009,Huawei
020000a,Xiaomi
020000b,Oppo
020000c,Xiaomi
020000d,Xiaomi
020000e,Xiaomi
020000f,Xiaomi
200010,Huawei
200011,Oppo
200012,Xiaomi
200013,Oppo
200014,Oppo
200015,Xiaomi
200016,Huawei
200017,Xiaomi
200018,Huawei
200019,Oppo
020001a,Huawei
020001b,Samsung
020001c,Apple
020001d,Samsung
020001e,Oppo
020001f,Oppo
200020,Samsung
200021,Apple
200022,Huawei
200023,Apple
200024,Samsung
200025,Apple
200026,Oppo
200027,Oppo
200028,Apple
200029,Apple
020002a,Apple
020002b,Apple
020002c,Samsung
020002d,Huawei
020002e,Apple
020002f,Oppo
200030,Samsung
200031,Xiaomi
200032,Xiaomi
200033,Apple
200034,Xiaomi
200035,Huawei
200036,Huawei
200037,Oppo
200038,Xiaomi
200039,Huawei
020003a,Apple
020003b,Apple
020003c,Samsung
020003d,Apple
020003e,Samsung
020003f,Huawei
200040,Xiaomi
200041,Huawei
200042,Samsung
200043,Oppo
200044,Huawei
200045,Huawei
200046,Huawei
200047,Oppo
200048,Apple
200049,Oppo
020004a,Apple
020004b,Apple
020004c,Oppo
020004d,Apple
020004e,Huawei
020004f,Huawei
200050,Xiaomi
200051,Huawei
200052,Samsung
200053,Xiaomi
200054,Huawei
200055,Apple
200056,Samsung
200057,Xiaomi
200058,Huawei
200059,Apple
020005a,Huawei
020005b,Xiaomi
020005c,Apple
020005d,Huawei
020005e,Huawei
020005f,Samsung
200060,Xiaomi
200061,Samsung
200062,Apple
200063,Oppo
200064,Huawei
200065,Huawei
200066,Apple
200067,Oppo
200068,Apple
200069,Apple
020006a,Apple
020006b,Apple
020006c,Samsung
020006d,Xiaomi
020006e,Huawei
020006f,Xiaomi
200070,Apple
200071,Samsung
200072,Samsung
200073,Apple
200074,Apple
200075,Oppo
200076,Huawei
200077,Oppo
200078,Apple
200079,Apple
020007a,Apple
020007b,Oppo
020007c,Apple
020007d,Apple
020007e,Oppo
020007f,Apple
200080,Apple
200081,Xiaomi
200082,Apple
200083,Samsung
200084,Huawei
200085,Samsung
200086,Apple
200087,Samsung
200088,Apple
200089,Xiaomi
020008a,Xiaomi
020008b,Huawei
020008c,Huawei
020008d,Oppo
020008e,Samsung
020008f,Apple
200090,Xiaomi
200091,Huawei
200092,Apple
200093,Xiaomi
200094,Xiaomi
200095,Samsung
200096,Huawei
200097,Samsung
200098,Samsung
200099,Oppo
020009a,Apple
020009b,Apple
020009c,Apple
020009d,Huawei
020009e,Xiaomi
020009f,Xiaomi
02000a0,Apple
02000a1,Apple
02000a2,Huawei
02000a3,Samsung
02000a4,Apple
02000a5,Xiaomi
02000a6,Oppo
02000a7,Samsung
02000a8,Samsung
02000a9,Apple
02000aa,Huawei
02000ab,Huawei
02000ac,Apple
02000ad,Apple
02000ae,Apple
02000af,Samsung
02000b0,Apple
02000b1,Apple
02000b2,Huawei
02000b3,Oppo
02000b4,Huawei
02000b5,Apple
02000b6,Apple
02000b7,Apple
02000b8,Xiaomi
02000b9,Oppo
02000ba,Samsung
02000bb,Xiaomi
02000bc,Apple
02000bd,Apple
02000be,Oppo
02000bf,Oppo
02000c0,Xiaomi
02000c1,Xiaomi
02000c2,Samsung
02000c3,Apple
02000c4,Huawei
02000c5,Oppo
02000c6,Oppo
02000c7,Apple
02000c8,Apple
02000c9,Xiaomi
02000ca,Huawei
02000cb,Apple
02000cc,Xiaomi
02000cd,Oppo
02000ce,Apple
02000cf,Xiaomi
02000d0,Samsung
02000d1,Huawei
02000d2,Samsung
02000d3,Oppo
02000d4,Samsung
02000d5,Oppo
02000d6,Apple
02000d7,Samsung
02000d8,Samsung
02000d9,Oppo
02000da,Apple
02000db,Apple
02000dc,Huawei
02000dd,Samsung
02000de,Oppo
02000df,Huawei
2000,Oppo
20000,Xiaomi
200000,Oppo
2000000,Huawei
20000000,Samsung
200000000,Huawei
2000000000,Oppo
20000000000,Huawei
200000000000,Huawei
2000000000000,Apple
02000ea,Apple
02000eb,Oppo
02000ec,Apple
02000ed,Huawei
02000ee,Huawei
02000ef,Huawei
02000f0,Samsung
02000f1,Huawei
02000f2,Huawei
02000f3,Samsung
02000f4,Oppo
02000f5,Apple
02000f6,Xiaomi
02000f7,Oppo
02000f8,Samsung
02000f9,Xiaomi
02000fa,Xiaomi
02000fb,Xiaomi
02000fc,Xiaomi
02000fd,Oppo
02000fe,Apple
02000ff,Xiaomi
200100,Oppo
200101,Xiaomi
200102,Xiaomi
200103,Huawei
200104,Apple
200105,Samsung
200106,Xiaomi
200107,Xiaomi
200108,Huawei
200109,Apple
020010a,Apple
020010b,Samsung
020010c,Apple
020010d,Apple
020010e,Samsung
020010f,Samsung
200110,Xiaomi
200111,Oppo
200112,Samsung
200113,Huawei
200114,Apple
200115,Xiaomi
200116,Samsung
200117,Huawei
200118,Huawei
200119,Huawei
020011a,Apple
020011b,Oppo
020011c,Oppo
020011d,Samsung
020011e,Xiaomi
020011f,Apple
200120,Samsung
200121,Xiaomi
200122,Apple
200123,Samsung
200124,Apple
200125,Samsung
200126,Samsung
200127,Apple
200128,Samsung
200129,Samsung
020012a,Apple
020012b,Oppo
020012c,Oppo
020012d,Samsung
020012e,Xiaomi
020012f,Xiaomi
200130,Huawei
200131,Apple
200132,Samsung
200133,Apple
200134,Oppo
200135,Apple
200136,Huawei
200137,Apple
200138,Huawei
200139,Xiaomi
020013a,Samsung
020013b,Oppo
020013c,Apple
020013d,Xiaomi
020013e,Samsung
020013f,Samsung
200140,Xiaomi
200141,Xiaomi
200142,Apple
200143,Oppo
200144,Apple
200145,Apple
200146,Samsung
200147,Xiaomi
200148,Huawei
200149,Xiaomi
020014a,Oppo
020014b,Samsung
020014c,Apple
020014d,Apple
020014e,Samsung
020014f,Xiaomi
200150,Apple
200151,Samsung
200152,Apple
200153,Apple
200154,Oppo
200155,Apple
200156,Oppo
200157,Samsung
200158,Xiaomi
200159,Apple
020015a,Oppo
020015b,Apple
020015c,Huawei
020015d,Xiaomi
020015e,Oppo
020015f,Samsung
200160,Apple
200161,Apple
200162,Apple
200163,Oppo
200164,Oppo
200165,Samsung
200166,Apple
200167,Samsung
200168,Samsung
200169,Oppo
020016a,Apple
020016b,Samsung
020016c,Xiaomi
020016d,Samsung
020016e,Apple
020016f,Huawei
200170,Apple
200171,Samsung
200172,Apple
200173,Apple
200174,Apple
200175,Huawei
200176,Samsung
200177,Apple
200178,Xiaomi
200179,Huawei
020017a,Xiaomi
020017b,Apple
020017c,Apple
020017d,Apple
020017e,Xiaomi
020017f,Samsung
200180,Huawei
200181,Huawei
200182,Samsung
200183,Huawei
200184,Samsung
200185,Apple
200186,Xiaomi
200187,Xiaomi
200188,Apple
200189,Apple
020018a,Apple
020018b,Huawei
020018c,Huawei
020018d,Oppo
020018e,Apple
020018f,Apple
200190,Apple
200191,Xiaomi
200192,Oppo
200193,Apple
200194,Oppo
200195,Apple
200196,Oppo
200197,Samsung
200198,Apple
200199,Samsung
020019a,Apple
020019b,Oppo
020019c,Samsung
020019d,Oppo
020019e,Huawei
020019f,Xiaomi
02001a0,Huawei
02001a1,Samsung
02001a2,Samsung
02001a3,Apple
02001a4,Oppo
02001a5,Apple
02001a6,Samsung
02001a7,Apple
02001a8,Xiaomi
02001a9,Apple
02001aa,Oppo
02001ab,Huawei
02001ac,Samsung
02001ad,Apple
02001ae,Huawei
02001af,Oppo
02001b0,Oppo
02001b1,Huawei
02001b2,Xiaomi
02001b3,Xiaomi
02001b4,Apple
02001b5,Huawei
02001b6,Oppo
02001b7,Samsung
02001b8,Apple
02001b9,Apple
02001ba,Huawei
02001bb,Huawei
02001bc,Xiaomi
02001bd,Xiaomi
02001be,Oppo
02001bf,Oppo
02001c0,Huawei
02001c1,Apple
02001c2,Oppo
02001c3,Samsung
02001c4,Xiaomi
02001c5,Apple
02001c6,Xiaomi
02001c7,Apple
02001c8,Oppo
02001c9,Samsung
02001ca,Samsung
02001cb,Xiaomi
02001cc,Apple
02001cd,Xiaomi
02001ce,Oppo
02001cf,Xiaomi
02001d0,Xiaomi
02001d1,Huawei
02001d2,Apple
02001d3,Xiaomi
02001d4,Apple
02001d5,Samsung
02001d6,Oppo
02001d7,Huawei
02001d8,Huawei
02001d9,Apple
02001da,Xiaomi
02001db,Huawei
02001dc,Apple
02001dd,Huawei
02001de,Apple
02001df,Apple
2001,Oppo
20010,Huawei
200100,Apple
2001000,Apple
20010000,Oppo
200100000,Apple
2001000000,Oppo
20010000000,Huawei
200100000000,Xiaomi
2001000000000,Apple
02001ea,Apple
02001eb,Apple
02001ec,Huawei
02001ed,Oppo
02001ee,Samsung
02001ef,Samsung
02001f0,Apple
02001f1,Apple
02001f2,Apple
02001f3,Apple
02001f4,Xiaomi
02001f5,Apple
02001f6,Xiaomi
02001f7,Apple
02001f8,Samsung
02001f9,Xiaomi
02001fa,Apple
02001fb,Apple
02001fc,Samsung
02001fd,Apple
02001fe,Apple
02001ff,Huawei
200200,Apple
200201,Apple
200202,Apple
200203,Samsung
200204,Huawei
200205,Samsung
200206,Oppo
200207,Apple
200208,Apple
200209,Huawei
020020a,Samsung
020020b,Apple
020020c,Apple
020020d,Samsung
020020e,Samsung
020020f,Huawei
200210,Apple
200211,Xiaomi
200212,Huawei
200213,Huawei
200214,Oppo
200215,Xiaomi
200216,Huawei
200217,Apple
200218,Oppo
200219,Huawei
020021a,Apple
020021b,Oppo
020021c,Apple
020021d,Samsung
020021e,Samsung
020021f,Xiaomi
200220,Apple
200221,Samsung
200222,Apple
200223,Samsung
200224,Xiaomi
200225,Apple
200226,Samsung
200227,Xiaomi
200228,Xiaomi
200229,Apple
020022a,Huawei
020022b,Xiaomi
020022c,Oppo
020022d,Samsung
020022e,Samsung
020022f,Apple
200230,Huawei
200231,Xiaomi
200232,Huawei
200233,Apple
200234,Apple
200235,Oppo
200236,Huawei
200237,Apple
200238,Xiaomi
200239,Oppo
020023a,Huawei
020023b,Samsung
020023c,Samsung
020023d,Apple
020023e,Apple
020023f,Xiaomi
200240,Apple
200241,Huawei
200242,Apple
200243,Oppo
200244,Oppo
200245,Samsung
200246,Oppo
200247,Xiaomi
200248,Apple
200249,Apple
020024a,Samsung
020024b,Samsung
020024c,Apple
020024d,Xiaomi
020024e,Samsung
020024f,Huawei
200250,Samsung
200251,Samsung
200252,Apple
200253,Oppo
200254,Huawei
200255,Apple
200256,Apple
200257,Apple
200258,Oppo
200259,Xiaomi
020025a,Huawei
020025b,Samsung
020025c,Apple
020025d,Xiaomi
020025e,Xiaomi
020025f,Oppo
200260,Oppo
200261,Xiaomi
200262,Samsung
200263,Xiaomi
200264,Xiaomi
200265,Apple
200266,Oppo
200267,Samsung
200268,Samsung
200269,Oppo
020026a,Huawei
020026b,Apple
020026c,Xiaomi
020026d,Huawei
020026e,Xiaomi
020026f,Oppo
200270,Xiaomi
200271,Oppo
200272,Samsung
200273,Samsung
200274,Oppo
200275,Apple
200276,Apple
200277,Oppo
200278,Huawei
200279,Apple
020027a,Huawei
020027b,Apple
020027c,Oppo
020027d,Xiaomi
020027e,Apple
020027f,Oppo
200280,Xiaomi
200281,Apple
200282,Huawei
200283,Xiaomi
200284,Apple
200285,Huawei
200286,Xiaomi
200287,Apple
200288,Oppo
200289,Xiaomi
020028a,Oppo
020028b,Oppo
020028c,Xiaomi
020028d,Apple
020028e,Huawei
020028f,Huawei
200290,Xiaomi
200291,Apple
200292,Apple
200293,Oppo
200294,Huawei
200295,Samsung
200296,Apple
200297,Samsung
200298,Samsung
200299,Apple
020029a,Apple
020029b,Apple
020029c,Apple
020029d,Oppo
020029e,Oppo
020029f,Samsung
02002a0,Samsung
02002a1,Huawei
02002a2,Apple
02002a3,Huawei
02002a4,Samsung
02002a5,Samsung
02002a6,Apple
02002a7,Oppo
02002a8,Oppo
02002a9,Huawei
02002aa,Apple
02002ab,Apple
02002ac,Apple
02002ad,Oppo
02002ae,Huawei
02002af,Xiaomi
02002b0,Huawei
02002b1,Apple
02002b2,Huawei
02002b3,Xiaomi
02002b4,Samsung
02002b5,Samsung
02002b6,Xiaomi
02002b7,Xiaomi
02002b8,Oppo
02002b9,Apple
02002ba,Samsung
02002bb,Apple
02002bc,Samsung
02002bd,Apple
02002be,Apple
02002bf,Samsung
02002c0,Samsung
02002c1,Apple
02002c2,Oppo
02002c3,Xiaomi
02002c4,Samsung
02002c5,Samsung
02002c6,Samsung
02002c7,Samsung
02002c8,Samsung
02002c9,Samsung
02002ca,Apple
02002cb,Oppo
02002cc,Oppo
02002cd,Xiaomi
02002ce,Apple
02002cf,Apple
02002d0,Huawei
02002d1,Oppo
02002d2,Xiaomi
02002d3,Xiaomi
02002d4,Samsung
02002d5,Samsung
02002d6,Apple
02002d7,Huawei
02002d8,Xiaomi
02002d9,Oppo
02002da,Apple
02002db,Oppo
02002dc,Xiaomi
02002dd,Apple
02002de,Samsung
02002df,Oppo
2002,Oppo
20020,Samsung
200200,Huawei
2002000,Samsung
20020000,Samsung
200200000,Oppo
2002000000,Apple
20020000000,Samsung
200200000000,Apple
2002000000000,Xiaomi
02002ea,Apple
02002eb,Huawei
02002ec,Apple
02002ed,Apple
02002ee,Xiaomi
02002ef,Huawei
02002f0,Huawei
02002f1,Xiaomi
02002f2,Apple
02002f3,Xiaomi
02002f4,Oppo
02002f5,Huawei
02002f6,Huawei
02002f7,Apple
02002f8,Samsung
02002f9,Xiaomi
02002fa,Apple
02002fb,Samsung
02002fc,Oppo
02002fd,Huawei
02002fe,Apple
02002ff,Oppo
200300,Samsung
200301,Samsung
200302,Apple
200303,Apple
200304,Xiaomi
200305,Apple
200306,Apple
200307,Samsung
200308,Samsung
200309,Apple
020030a,Huawei
020030b,Oppo
020030c,Oppo
020030d,Apple
020030e,Apple
020030f,Huawei
200310,Oppo
200311,Oppo
200312,Huawei
200313,Oppo
200314,Apple
200315,Huawei
200316,Samsung
200317,Apple
200318,Samsung
200319,Apple
020031a,Huawei
020031b,Apple
020031c,Xiaomi
020031d,Huawei
020031e,Samsung
020031f,Huawei
200320,Apple
200321,Apple
200322,Oppo
200323,Apple
200324,Samsung
200325,Apple
200326,Apple
200327,Apple
200328,Huawei
200329,Huawei
020032a,Xiaomi
020032b,Huawei
020032c,Oppo
020032d,Samsung
020032e,Oppo
020032f,Samsung
200330,Huawei
200331,Xiaomi
200332,Oppo
200333,Xiaomi
200334,Huawei
200335,Xiaomi
200336,Oppo
200337,Samsung
200338,Xiaomi
200339,Samsung
020033a,Apple
020033b,Huawei
020033c,Apple
020033d,Xiaomi
020033e,Xiaomi
020033f,Xiaomi
200340,Oppo
200341,Apple
200342,Huawei
200343,Samsung
200344,Apple
200345,Samsung
200346,Samsung
200347,Oppo
200348,Huawei
200349,Oppo
020034a,Apple
020034b,Oppo
020034c,Oppo
020034d,Huawei
020034e,Xiaomi
020034f,Apple
200350,Apple
200351,Xiaomi
200352,Huawei
200353,Huawei
200354,Apple
200355,Xiaomi
200356,Apple
200357,Huawei
200358,Huawei
200359,Samsung
020035a,Huawei
020035b,Samsung
020035c,Xiaomi
020035d,Xiaomi
020035e,Xiaomi
020035f,Huawei
200360,Samsung
200361,Apple
200362,Apple
200363,Samsung
200364,Xiaomi
200365,Oppo
200366,Apple
200367,Huawei
200368,Apple
200369,Samsung
020036a,Samsung
020036b,Xiaomi
020036c,Huawei
020036d,Apple
020036e,Huawei
020036f,Apple
200370,Xiaomi
200371,Oppo
200372,Apple
200373,Huawei
200374,Huawei
200375,Oppo
200376,Oppo
200377,Apple
200378,Oppo
200379,Huawei
020037a,Xiaomi
020037b,Oppo
020037c,Apple
020037d,Apple
020037e,Xiaomi
020037f,Huawei
200380,Apple
200381,Huawei
200382,Apple
200383,Apple
200384,Huawei
200385,Oppo
200386,Oppo
200387,Xiaomi
200388,Samsung
200389,Xiaomi
020038a,Apple
020038b,Huawei
020038c,Xiaomi
020038d,Oppo
020038e,Apple
020038f,Oppo
200390,Samsung
200391,Apple
200392,Xiaomi
200393,Oppo
200394,Huawei
200395,Apple
200396,Huawei
200397,Xiaomi
200398,Xiaomi
200399,Huawei
020039a,Apple
020039c,Apple
020039d,Huawei
020039e,Apple
020039f,Apple
02003a0,Huawei
02003a1,Xiaomi
02003a2,Huawei
02003a3,Apple
02003a4,Xiaomi
02003a5,Xiaomi
02003a6,Oppo
02003a7,Apple
02003a8,Samsung
02003a9,Huawei
02003aa,Apple
02003ab,Apple
02003ac,Huawei
02003ad,Xiaomi
02003ae,Apple
02003af,Huawei
02003b0,Samsung
02003b1,Apple
02003b2,Apple
02003b3,Apple
02003b4,Samsung
02003b5,Apple
02003b6,Apple
02003b7,Huawei
02003b8,Xiaomi
02003b9,Huawei
02003ba,Oppo
02003bb,Samsung
02003bc,Oppo
02003bd,Samsung
02003be,Samsung
02003bf,Huawei
02003c0,Huawei
02003c1,Apple
02003c2,Xiaomi
02003c3,Oppo
02003c4,Xiaomi
02003c5,Samsung
02003c7,Samsung
02003c8,Apple
02003c9,Huawei
02003ca,Samsung
02003cb,Apple
02003cc,Apple
02003cd,Samsung
02003ce,Apple
02003cf,Huawei
02003d0,Apple
02003d1,Oppo
02003d2,Apple
02003d3,Samsung
02003d4,Apple
02003d5,Samsung
02003d6,Apple
02003d7,Oppo
02003d8,Apple
02003d9,Apple
02003da,Oppo
02003db,Xiaomi
02003dc,Samsung
02003dd,Huawei
02003de,Samsung
02003df,Xiaomi
2003,Xiaomi
20030,Oppo
200300,Apple
2003000,Apple
20030000,Apple
200300000,Samsung
2003000000,Oppo
20030000000,Apple
200300000000,Xiaomi
2003000000000,Xiaomi
02003ea,Apple
02003eb,Apple
02003ec,Huawei
02003ed,Huawei
02003ee,Apple
02003f3,Samsung
02003f4,Huawei
02003f5,Apple
02003f6,Xiaomi
02003f7,Huawei
02003f8,Apple
02003f9,Apple
02003fa,Huawei
02003fb,Samsung
02003fc,Apple
02003fd,Oppo
02003fe,Apple
02003ff,Apple
200400,Samsung
200401,Apple
200402,Oppo
200403,Oppo
200404,Apple
200405,Apple
200406,Huawei
200407,Apple
200408,Xiaomi
200409,Oppo
020040a,Apple
020040b,Apple
020040c,Samsung
020040d,Apple
020040e,Apple
020040f,Huawei
200410,Samsung
200411,Huawei
200412,Huawei
200413,Xiaomi
200414,Apple
200415,Apple
200416,Huawei
200417,Apple
200418,Apple
020041f,Huawei
200420,Oppo
200421,Apple
200422,Huawei
200423,Samsung
200424,Apple
200425,Apple
200426,Xiaomi
200427,Apple
200428,Xiaomi
200429,Apple
020042a,Xiaomi
020042b,Xiaomi
020042c,Xiaomi
020042d,Huawei
020042e,Huawei
020042f,Oppo
200430,Samsung
200431,Apple
200432,Apple
200433,Xiaomi
200434,Samsung
200435,Xiaomi
200436,Samsung
200437,Apple
200438,Oppo
200439,Oppo
020043a,Samsung
020043b,Apple
020043c,Apple
020043d,Oppo
020043e,Huawei
020043f,Apple
200440,Oppo
200441,Huawei
200442,Huawei
020044b,Huawei
020044c,Oppo
020044d,Samsung
020044e,Huawei
020044f,Apple
200450,Huawei
200451,Huawei
200452,Huawei
200453,Apple
200454,Samsung
200455,Apple
200456,Apple
200457,Apple
200458,Xiaomi
200459,Samsung
020045a,Apple
020045b,Huawei
020045c,Oppo
020045d,Apple
020045e,Oppo
020045f,Apple
200460,Apple
200461,Samsung
200462,Oppo
200463,Xiaomi
200464,Samsung
200465,Apple
200466,Samsung
200467,Apple
200468,Samsung
200469,Samsung
020046a,Samsung
020046b,Xiaomi
020046c,Apple
020046d,Apple
200478,Apple
200479,Apple
020047a,Xiaomi
020047b,Xiaomi
020047c,Apple
020047d,Oppo
020047e,Xiaomi
020047f,Xiaomi
200480,Apple
200481,Samsung
200482,Huawei
200483,Apple
200484,Huawei
200485,Samsung
200486,Huawei
200487,Apple
200488,Xiaomi
200489,Huawei
020048a,Apple
020048b,Apple
020048c,Xiaomi
020048d,Apple
020048e,Apple
020048f,Apple
200490,Apple
200491,Apple
200492,Oppo
200493,Oppo
200494,Samsung
200495,Oppo
200496,Samsung
02004a2,Oppo
02004a3,Apple
02004a4,Samsung
02004a5,Xiaomi
02004a6,Samsung
02004a7,Apple
02004a8,Samsung
02004a9,Apple
02004aa,Huawei
02004ab,Samsung
02004ac,Apple
02004ad,Huawei
02004ae,Apple
02004af,Apple
02004b0,Apple
02004b1,Xiaomi
02004b2,Huawei
02004b3,Apple
02004b4,Apple
02004b5,Apple
02004b6,Xiaomi
02004b7,Oppo
02004b8,Samsung
02004b9,Huawei
02004ba,Apple
02004bb,Oppo
02004bc,Samsung
02004bd,Xiaomi
02004be,Huawei
02004cb,Samsung
02004cc,Samsung
02004cd,Xiaomi
02004ce,Huawei
02004cf,Xiaomi
02004d0,Huawei
02004d1,Huawei
02004d2,Samsung
02004d3,Oppo
02004d4,Samsung
02004d5,Oppo
02004d6,Huawei
02004d7,Huawei
02004d8,Samsung
02004d9,Apple
02004da,Apple
02004db,Huawei
02004dc,Xiaomi
02004dd,Apple
02004de,Apple
02004df,Apple
2004,Apple
20040,Huawei
200400,Samsung
2004000,Apple
20040000,Apple
200400000,Xiaomi
2004000000,Oppo
20040000000,Oppo
02004f5,Apple
02004f6,Oppo
02004f7,Samsung
02004f8,Samsung
02004f9,Oppo
02004fa,Apple
02004fb,Xiaomi
02004fc,Apple
02004fd,Oppo
02004fe,Apple
02004ff,Huawei
200500,Apple
200501,Apple
200502,Apple
200503,Oppo
200504,Oppo
200505,Apple
200506,Apple
200507,Apple
200508,Samsung
200509,Oppo
020050a,Samsung
020050b,Xiaomi
020050c,Samsung
020050d,Apple
020050e,Apple
020051e,Huawei
020051f,Oppo
200520,Xiaomi
200521,Xiaomi
200522,Apple
200523,Apple
200524,Xiaomi
200525,Huawei
200526,Apple
200527,Huawei
200528,Apple
200529,Oppo
020052a,Samsung
020052b,Samsung
020052c,Apple
020052d,Oppo
020052e,Oppo
020052f,Xiaomi
200530,Xiaomi
200531,Apple
200532,Apple
200533,Samsung
200534,Samsung
200535,Apple
200548,Oppo
200549,Apple
020054a,Oppo
020054b,Huawei
020054c,Apple
020054d,Samsung
020054e,Huawei
020054f,Apple
200550,Samsung
200551,Xiaomi
200552,Oppo
200553,Huawei
200554,Oppo
200555,Huawei
200556,Oppo
200557,Huawei
200558,Apple
200559,Oppo
020055a,Apple
020055b,Samsung
200570,Oppo
200571,Apple
200572,Apple
200573,Apple
200574,Apple
200575,Apple
200576,Apple
200577,Huawei
200578,Apple
200579,Apple
020057a,Huawei
020057b,Apple
020057c,Apple
020057d,Apple
020057e,Oppo
200595,Apple
200596,Huawei
200597,Huawei
200598,Oppo
200599,Xiaomi
020059a,Samsung
020059b,Huawei
020059c,Samsung
020059d,Apple
020059e,Oppo
020059f,Samsung
02005a0,Samsung
02005ba,Xiaomi
02005bb,Oppo
02005bc,Huawei
02005bd,Oppo
02005be,Apple
02005bf,Apple
02005c0,Apple
02005c1,Xiaomi
02005c2,Xiaomi
02005c3,Xiaomi
2005,Xiaomi
20050,Huawei
200500,Samsung
1200001,Oppo
1200002,Huawei
1200003,Samsung
1200004,Samsung
1200008,Apple
1200009,Oppo
120000a,Samsung
120000b,Samsung
120000d,Oppo
120000e,Oppo
120000f,Apple
1200010,Huawei
1200011,Xiaomi
1200012,Xiaomi
1200013,Huawei
1200014,Huawei
1200015,Apple
1200016,Oppo
1200017,Samsung
1200018,Oppo
1200019,Apple
120001c,Apple
120001d,Oppo
120001e,Xiaomi
120001f,Apple
1200021,Xiaomi
1200022,Xiaomi
1200023,Apple
1200024,Apple
1200025,Huawei
1200026,Samsung
1200027,Apple
1200028,Huawei
1200029,Apple
120002a,Samsung
120002b,Apple
120002c,Huawei
120002d,Apple
120002e,Huawei
120002f,Apple
1200030,Huawei
1200031,Oppo
1200032,Oppo
1200033,Huawei
1200034,Oppo
1200035,Xiaomi
1200036,Oppo
1200037,Oppo
1200038,Xiaomi
1200039,Apple
120003a,Samsung
120003b,Oppo
120003c,Xiaomi
120003d,Apple
120003e,Apple
120003f,Oppo
1200040,Huawei
1200041,Apple
1200042,Oppo
1200043,Huawei
1200045,Apple
1200046,Apple
1200048,Oppo
1200049,Apple
120004a,Huawei
120004b,Apple
120004c,Oppo
120004d,Apple
120004e,Apple
120004f,Xiaomi
1200050,Xiaomi
1200051,Apple
1200052,Apple
1200053,Apple
1200054,Xiaomi
1200055,Huawei
1200056,Apple
1200057,Samsung
1200058,Xiaomi
1200059,Oppo
120005a,Xiaomi
120005b,Oppo
120005c,Xiaomi
120005d,Apple
120005e,Apple
120005f,Huawei
1200060,Samsung
1200061,Xiaomi
1200062,Xiaomi
1200063,Samsung
1200064,Apple
1200065,Apple
1200066,Apple
1200067,Apple
1200068,Xiaomi
1200069,Samsung
120006a,Apple
120006b,Apple
120006c,Apple
120006d,Oppo
120006e,Apple
120006f,Xiaomi
1200070,Apple
1200071,Oppo
1200072,Huawei
1200073,Apple
1200074,Huawei
1200075,Oppo
1200076,Apple
1200077,Apple
1200078,Samsung
1200079,Xiaomi
120007a,Apple
120007b,Samsung
120007c,Oppo
120007d,Xiaomi
120007e,Apple
120007f,Samsung
1200080,Samsung
1200081,Samsung
1200082,Apple
1200083,Apple
1200084,Xiaomi
1200085,Apple
1200086,Xiaomi
1200087,Apple
1200088,Samsung
1200089,Huawei
120008a,Apple
120008b,Oppo
120008c,Apple
120008d,Samsung
120008e,Oppo
120008f,Samsung
1200090,Apple
1200091,Samsung
1200092,Samsung
1200093,Samsung
1200094,Samsung
1200095,Apple
1200096,Xiaomi
1200097,Xiaomi
1200098,Oppo
1200099,Samsung
120009a,Apple
120009b,Apple
120009c,Apple
120009d,Oppo
12000a4,Samsung
12000a5,Apple
12000a6,Apple
12000a7,Huawei
12000a8,Oppo
12000a9,Samsung
12000aa,Apple
12000ab,Xiaomi
12000ac,Oppo
12000ad,Apple
12000ae,Xiaomi
12000af,Xiaomi
12000b0,Apple
12000b1,Apple
12000b2,Xiaomi
12000b3,Xiaomi
12000b4,Samsung
12000b5,Huawei
12000b6,Huawei
12000b7,Xiaomi
12000b8,Samsung
12000b9,Oppo
12000ba,Huawei
12000bb,Xiaomi
12000bc,Huawei
12000bd,Oppo
12000be,Apple
12000bf,Apple
12000c0,Samsung
12000c1,Apple
12000c2,Apple
12000c3,Apple
12000c4,Apple
12000c5,Samsung
12000c6,Samsung
12000c7,Huawei
12000c8,Huawei
12000c9,Apple
12000ca,Oppo
12000cb,Apple
12000cc,Oppo
12000cd,Apple
12000ce,Huawei
12000cf,Apple
12000d0,Xiaomi
12000d1,Huawei
12000d2,Oppo
12000d4,Apple
12000d5,Oppo
12000d8,Apple
12000d9,Oppo
12000da,Oppo
12000db,Apple
12000dc,Apple
12000dd,Apple
12000de,Oppo
12000df,Oppo
12000,Xiaomi
120000,Samsung
1200000,Huawei
12000000,Samsung
120000000,Oppo
1200000000,Samsung
12000000000,Apple
120000000000,Apple
1200000000000,Xiaomi
12000000000000,Oppo
12000ea,Xiaomi
12000eb,Huawei
12000ec,Oppo
12000ed,Apple
12000ee,Samsung
12000ef,Oppo
12000f0,Huawei
12000f1,Apple
12000f2,Xiaomi
12000f3,Samsung
12000f4,Samsung
12000f5,Samsung
12000f6,Huawei
12000f7,Xiaomi
12000f8,Oppo
12000f9,Apple
12000fa,Oppo
12000fb,Apple
12000fc,Apple
12000fd,Oppo
12000fe,Apple
12000ff,Samsung
1200100,Apple
1200101,Huawei
1200102,Samsung
1200103,Oppo
1200104,Samsung
1200105,Oppo
1200106,Huawei
1200107,Huawei
1200108,Huawei
1200109,Oppo
120010a,Samsung
120010b,Xiaomi
120010c,Xiaomi
120010f,Oppo
1200110,Apple
1200111,Apple
1200112,Samsung
1200113,Samsung
1200114,Apple
1200115,Apple
1200116,Huawei
1200117,Samsung
1200118,Huawei
1200119,Xiaomi
120011a,Apple
120011b,Apple
120011c,Xiaomi
120011d,Oppo
120011e,Oppo
120011f,Apple
1200120,Apple
1200121,Oppo
1200122,Samsung
1200123,Apple
1200124,Samsung
1200125,Huawei
1200126,Samsung
1200127,Xiaomi
1200128,Huawei
1200129,Huawei
120012a,Samsung
120012b,Huawei
120012c,Samsung
120012d,Huawei
120012e,Huawei
120012f,Xiaomi
1200130,Samsung
1200131,Oppo
1200132,Apple
1200133,Samsung
1200134,Xiaomi
1200135,Apple
1200136,Apple
1200137,Oppo
1200138,Huawei
1200139,Oppo
120013a,Oppo
120013b,Oppo
120013c,Samsung
120013d,Samsung
120013e,Oppo
120013f,Apple
1200140,Samsung
1200144,Apple
1200145,Huawei
1200146,Apple
1200147,Huawei
1200148,Apple
1200149,Huawei
120014a,Huawei
120014b,Samsung
120014c,Huawei
120014d,Samsung
120014e,Oppo
120014f,Oppo
1200150,Samsung
1200151,Oppo
1200152,Apple
1200153,Apple
1200154,Samsung
1200155,Huawei
1200156,Huawei
1200157,Oppo
1200158,Xiaomi
1200159,Oppo
120015a,Apple
120015b,Apple
120015c,Huawei
120015d,Samsung
120015e,Xiaomi
120015f,Apple
1200160,Apple
1200161,Apple
1200162,Oppo
1200163,Oppo
1200164,Xiaomi
1200165,Apple
1200166,Apple
1200167,Xiaomi
1200168,Oppo
1200169,Samsung
120016a,Xiaomi
120016b,Xiaomi
120016c,Huawei
120016d,Xiaomi
120016e,Apple
120016f,Apple
1200170,Xiaomi
1200171,Apple
1200172,Huawei
1200173,Huawei
1200174,Xiaomi
1200175,Oppo
1200176,Samsung
1200177,Oppo
1200178,Apple
1200179,Samsung
120017a,Apple
120017b,Apple
120017c,Apple
120017d,Apple
120017e,Xiaomi
120017f,Huawei
1200180,Samsung
1200181,Oppo
1200182,Huawei
1200183,Apple
1200184,Apple
1200185,Huawei
1200186,Samsung
1200187,Apple
1200188,Xiaomi
1200189,Oppo
120018a,Apple
120018b,Huawei
120018c,Apple
120018d,Samsung
120018e,Xiaomi
120018f,Samsung
1200190,Oppo
1200191,Oppo
1200192,Huawei
1200193,Huawei
1200194,Xiaomi
1200195,Samsung
1200196,Oppo
1200197,Apple
1200198,Xiaomi
1200199,Xiaomi
120019a,Samsung
120019b,Oppo
120019c,Apple
120019d,Huawei
120019e,Xiaomi
120019f,Apple
12001a0,Huawei
12001a1,Apple
12001a2,Xiaomi
12001a3,Oppo
12001a4,Xiaomi
12001a5,Apple
12001a6,Samsung
12001a7,Apple
12001a8,Apple
12001a9,Oppo
12001aa,Huawei
12001ab,Samsung
12001ac,Apple
12001ad,Huawei
12001ae,Apple
12001af,Apple
12001b0,Huawei
12001b1,Oppo
12001b2,Apple
12001b3,Huawei
12001b4,Apple
12001b5,Oppo
12001b6,Samsung
12001b7,Huawei
12001b8,Oppo
12001b9,Huawei
12001ba,Huawei
12001bb,Apple
12001bc,Oppo
12001bd,Huawei
12001be,Samsung
12001bf,Apple
12001c0,Huawei
12001c1,Samsung
12001c2,Oppo
12001c3,Oppo
12001c4,Xiaomi
12001c5,Apple
12001c6,Apple
12001c7,Xiaomi
12001c8,Apple
12001c9,Apple
12001ca,Oppo
12001cb,Huawei
12001cc,Huawei
12001cd,Samsung
12001ce,Xiaomi
12001cf,Huawei
12001d0,Apple
12001d1,Apple
12001d2,Apple
12001d3,Xiaomi
12001d4,Huawei
12001d5,Samsung
12001d6,Samsung
12001d7,Samsung
12001d8,Apple
12001d9,Huawei
12001da,Oppo
12001db,Xiaomi
12001dc,Apple
12001dd,Samsung
12001de,Oppo
12001df,Oppo
12001,Xiaomi
120010,Oppo
1200100,Huawei
12001000,Apple
120010000,Samsung
1200100000,Huawei
12001000000,Huawei
120010000000,Huawei
1200100000000,Apple
12001000000000,Apple
12001ea,Huawei
12001eb,Huawei
12001ec,Xiaomi
12001ed,Oppo
12001ee,Apple
12001ef,Oppo
12001f0,Apple
12001f1,Oppo
12001f2,Samsung
12001f3,Oppo
12001f4,Huawei
12001f5,Oppo
12001f6,Huawei
12001f7,Samsung
12001f8,Huawei
12001f9,Xiaomi
12001fa,Xiaomi
12001fb,Oppo
12001fc,Huawei
12001fd,Apple
12001fe,Samsung
12001ff,Huawei
1200200,Apple
1200201,Huawei
1200202,Apple
1200203,Huawei
1200204,Xiaomi
1200206,Oppo
1200208,Xiaomi
1200209,Apple
120020a,Huawei
120020c,Huawei
120020d,Xiaomi
120020e,Apple
120020f,Samsung
1200210,Apple
1200211,Huawei
1200212,Xiaomi
1200213,Apple
1200214,Xiaomi
1200215,Apple
1200216,Apple
1200217,Huawei
1200218,Huawei
1200219,Samsung
120021a,Huawei
120021b,Xiaomi
120021c,Oppo
120021d,Apple
120021e,Apple
120021f,Samsung
1200220,Apple
1200221,Apple
1200222,Apple
1200223,Xiaomi
1200224,Apple
1200225,Apple
1200226,Apple
1200227,Oppo
1200228,Xiaomi
1200229,Oppo
120022a,Xiaomi
120022b,Oppo
120022c,Samsung
120022d,Apple
120022e,Apple
120022f,Apple
1200230,Xiaomi
1200231,Xiaomi
1200232,Apple
1200233,Xiaomi
1200234,Samsung
1200235,Apple
1200236,Apple
1200237,Huawei
1200238,Apple
1200239,Oppo
120023a,Oppo
120023b,Samsung
120023c,Xiaomi
120023d,Huawei
120023e,Apple
120023f,Samsung
1200240,Apple
1200241,Xiaomi
1200242,Samsung
1200243,Apple
1200244,Huawei
1200245,Samsung
1200246,Oppo
1200247,Huawei
1200248,Apple
1200249,Xiaomi
120024a,Oppo
120024b,Apple
120024c,Apple
120024d,Oppo
120024e,Apple
120024f,Samsung
1200250,Huawei
1200251,Xiaomi
1200252,Xiaomi
1200253,Apple
1200254,Apple
1200255,Huawei
1200256,Huawei
1200257,Apple
1200258,Xiaomi
1200259,Oppo
120025a,Apple
120025c,Huawei
120025d,Oppo
120025f,Samsung
1200261,Apple
1200262,Xiaomi
1200263,Apple
1200264,Oppo
1200265,Huawei
1200266,Oppo
1200267,Apple
1200268,Xiaomi
1200269,Samsung
120026a,Samsung
120026b,Apple
120026c,Apple
120026d,Huawei
120026e,Oppo
120026f,Apple
1200270,Oppo
1200271,Samsung
1200272,Samsung
1200273,Xiaomi
1200274,Oppo
1200275,Xiaomi
1200276,Samsung
1200277,Huawei
1200278,Samsung
1200279,Apple
120027a,Apple
120027b,Apple
120027c,Oppo
120027d,Apple
120027e,Oppo
120027f,Huawei
1200280,Apple
1200281,Oppo
1200282,Huawei
1200283,Oppo
1200284,Oppo
1200285,Oppo
1200286,Xiaomi
1200287,Samsung
1200288,Apple
1200289,Samsung
120028a,Huawei
120028b,Oppo
120028c,Huawei
120028d,Oppo
120028e,Samsung
120028f,Xiaomi
1200290,Apple
1200291,Huawei
1200292,Samsung
1200293,Huawei
1200294,Apple
1200295,Samsung
1200296,Huawei
1200297,Huawei
1200298,Huawei
1200299,Xiaomi
120029a,Apple
120029b,Samsung
120029c,Huawei
120029d,Apple
120029e,Samsung
120029f,Samsung
12002a0,Oppo
12002a1,Apple
12002a2,Oppo
12002a3,Samsung
12002a4,Apple
12002a5,Xiaomi
12002a6,Samsung
12002a7,Huawei
12002a8,Huawei
12002a9,Oppo
12002aa,Apple
12002ab,Huawei
12002ac,Huawei
12002ad,Samsung
12002ae,Huawei
12002af,Samsung
12002b0,Apple
12002b1,Huawei
12002b2,Apple
12002b3,Apple
12002b4,Apple
12002b5,Apple
12002b6,Apple
12002b7,Huawei
12002b8,Samsung
12002b9,Samsung
12002ba,Apple
12002bb,Oppo
12002bc,Oppo
12002bd,Oppo
12002be,Oppo
12002bf,Xiaomi
12002c0,Samsung
12002c1,Xiaomi
12002c2,Huawei
12002c3,Apple
12002c4,Apple
12002c5,Oppo
12002c6,Xiaomi
12002c7,Huawei
12002c8,Apple
12002c9,Oppo
12002ca,Huawei
12002cb,Xiaomi
12002cc,Samsung
12002cd,Samsung
12002ce,Apple
12002cf,Xiaomi
12002d0,Apple
12002d1,Apple
12002d2,Apple
12002d3,Xiaomi
12002d4,Apple
12002d5,Apple
12002d6,Oppo
12002d7,Samsung
12002d8,Samsung
12002d9,Samsung
12002da,Huawei
12002db,Samsung
12002dc,Apple
12002dd,Samsung
12002de,Huawei
12002df,Samsung
12002,Xiaomi
120020,Apple
1200200,Huawei
12002000,Samsung
120020000,Apple
1200200000,Xiaomi
12002000000,Apple
120020000000,Xiaomi
1200200000000,Apple
12002000000000,Apple
12002ea,Apple
12002eb,Oppo
12002ec,Xiaomi
12002ed,Samsung
12002ee,Huawei
12002ef,Apple
12002f0,Xiaomi
12002f1,Apple
12002f2,Apple
12002f3,Samsung
12002f4,Xiaomi
12002f5,Apple
12002f6,Huawei
12002f7,Samsung
12002f8,Xiaomi
12002f9,Oppo
12002fa,Oppo
12002fb,Xiaomi
12002fc,Samsung
12002fd,Huawei
12002fe,Oppo
12002ff,Apple
1200300,Apple
1200301,Oppo
1200302,Huawei
1200303,Huawei
1200304,Oppo
1200305,Huawei
1200306,Apple
1200307,Samsung
1200308,Oppo
1200309,Huawei
120030a,Apple
120030b,Apple
120030c,Apple
120030d,Oppo
120030e,Oppo
120030f,Oppo
1200310,Apple
1200311,Samsung
1200312,Samsung
1200313,Apple
1200314,Samsung
1200315,Huawei
1200316,Oppo
1200317,Apple
1200318,Samsung
1200319,Apple
120031a,Apple
120031b,Xiaomi
120031c,Xiaomi
120031d,Oppo
120031e,Apple
120031f,Apple
1200320,Apple
1200321,Apple
1200322,Apple
1200323,Xiaomi
1200324,Xiaomi
1200325,Huawei
1200326,Huawei
1200327,Xiaomi
1200328,Apple
1200329,Xiaomi
120032a,Apple
120032b,Oppo
120032c,Oppo
120032d,Apple
120032e,Xiaomi
120032f,Oppo
1200330,Apple
1200331,Samsung
1200333,Xiaomi
1200334,Xiaomi
1200335,Oppo
1200336,Apple
1200337,Samsung
1200338,Oppo
1200339,Oppo
120033a,Apple
120033b,Huawei
120033c,Apple
120033d,Huawei
120033e,Apple
120033f,Apple
1200340,Samsung
1200341,Huawei
1200342,Samsung
1200343,Huawei
1200344,Samsung
1200345,Oppo
1200346,Oppo
1200347,Huawei
1200348,Apple
1200349,Samsung
120034a,Apple
120034b,Apple
120034c,Samsung
120034d,Samsung
120034e,Xiaomi
120034f,Huawei
1200350,Samsung
1200351,Oppo
1200352,Huawei
1200353,Oppo
1200354,Samsung
1200355,Huawei
1200356,Huawei
1200357,Apple
1200358,Oppo
1200359,Oppo
120035a,Xiaomi
120035b,Oppo
120035c,Huawei
120035d,Xiaomi
120035e,Huawei
120035f,Samsung
1200360,Xiaomi
1200361,Oppo
1200362,Xiaomi
1200363,Apple
1200364,Huawei
1200365,Oppo
1200366,Huawei
1200367,Oppo
1200368,Samsung
1200369,Samsung
120036a,Oppo
120036b,Huawei
120036c,Huawei
120036d,Apple
120036e,Apple
120036f,Apple
1200371,Huawei
1200372,Apple
1200373,Apple
1200374,Huawei
1200375,Apple
1200376,Xiaomi
1200377,Huawei
1200378,Apple
1200379,Apple
120037a,Apple
120037b,Oppo
120037c,Oppo
120037d,Apple
120037e,Apple
120037f,Oppo
1200380,Oppo
1200381,Huawei
1200382,Huawei
1200383,Xiaomi
1200384,Xiaomi
1200385,Huawei
1200386,Samsung
1200387,Xiaomi
1200388,Xiaomi
1200389,Apple
120038a,Apple
120038b,Apple
120038c,Huawei
120038d,Xiaomi
120038e,Apple
120038f,Samsung
1200390,Xiaomi
1200391,Xiaomi
1200392,Apple
1200393,Oppo
1200394,Huawei
1200395,Huawei
1200396,Apple
1200397,Apple
1200398,Apple
1200399,Apple
120039a,Apple
120039b,Apple
120039c,Samsung
120039d,Huawei
120039e,Apple
120039f,Apple
12003a0,Apple
12003a1,Oppo
12003a2,Xiaomi
12003a3,Xiaomi
12003a4,Samsung
12003a5,Apple
12003a6,Huawei
12003a7,Oppo
12003a8,Apple
12003a9,Xiaomi
12003aa,Apple
12003ab,Huawei
12003ac,Samsung
12003ad,Xiaomi
12003ae,Apple
12003af,Samsung
12003b0,Huawei
12003b1,Apple
12003b2,Apple
12003b3,Apple
12003b4,Samsung
12003b5,Huawei
12003b6,Apple
12003b7,Xiaomi
12003b8,Samsung
12003b9,Apple
12003ba,Oppo
12003bb,Oppo
12003bc,Apple
12003bd,Huawei
12003be,Xiaomi
12003bf,Apple
12003c0,Apple
12003c1,Samsung
12003c2,Oppo
12003c3,Samsung
12003c4,Apple
12003c5,Oppo
12003c6,Apple
12003c7,Samsung
12003c8,Xiaomi
12003c9,Huawei
12003ca,Oppo
12003cb,Xiaomi
12003cc,Huawei
12003cd,Samsung
12003ce,Oppo
12003cf,Oppo
12003d0,Apple
12003d1,Samsung
12003d2,Huawei
12003d3,Samsung
12003d4,Samsung
12003d5,Apple
12003d6,Apple
12003d7,Oppo
12003d8,Apple
12003d9,Apple
12003da,Apple
12003db,Xiaomi
12003dc,Huawei
12003dd,Apple
12003de,Xiaomi
12003df,Oppo
12003,Samsung
120030,Xiaomi
1200300,Oppo
12003000,Samsung
120030000,Oppo
1200300000,Huawei
12003000000,Apple
120030000000,Huawei
1200300000000,Apple
12003000000000,Apple
12003ea,Huawei
12003eb,Apple
12003ec,Apple
12003ed,Samsung
12003ee,Huawei
12003ef,Apple
12003f0,Apple
12003f1,Oppo
12003f2,Xiaomi
12003f3,Apple
12003f4,Apple
12003f5,Huawei
12003f6,Xiaomi
12003f7,Apple
12003f8,Xiaomi
12003f9,Apple
12003fa,Xiaomi
12003fb,Oppo
12003fc,Xiaomi
12003fd,Huawei
12003fe,Apple
12003ff,Oppo
1200400,Xiaomi
1200401,Samsung
1200402,Oppo
1200403,Apple
1200404,Xiaomi
1200405,Xiaomi
1200406,Samsung
1200407,Apple
1200408,Huawei
1200409,Oppo
120040a,Apple
120040b,Xiaomi
120040c,Huawei
120040d,Samsung
120040e,Oppo
120040f,Xiaomi
1200410,Samsung
1200411,Apple
1200412,Huawei
1200413,Huawei
1200414,Huawei
1200415,Huawei
1200416,Apple
1200417,Huawei
1200418,Xiaomi
1200419,Xiaomi
120041a,Apple
120041b,Samsung
120041c,Apple
120041d,Xiaomi
120041e,Huawei
120041f,Apple
1200420,Apple
1200421,Huawei
1200422,Apple
1200423,Xiaomi
1200424,Xiaomi
1200425,Huawei
1200426,Xiaomi
1200427,Apple
1200428,Apple
1200429,Oppo
120042a,Xiaomi
120042b,Apple
120042c,Xiaomi
120042d,Samsung
120042e,Huawei
120042f,Apple
1200430,Samsung
1200431,Huawei
1200432,Huawei
1200433,Xiaomi
1200434,Oppo
1200435,Oppo
1200436,Xiaomi
1200437,Samsung
1200438,Apple
1200439,Huawei
120043a,Samsung
120043b,Samsung
120043d,Huawei
120043e,Huawei
120043f,Huawei
1200440,Samsung
1200441,Apple
1200442,Xiaomi
1200443,Samsung
1200444,Apple
1200445,Apple
1200446,Huawei
1200447,Apple
1200448,Xiaomi
1200449,Samsung
120044a,Apple
120044b,Huawei
120044c,Huawei
120044d,Samsung
120044e,Apple
120044f,Xiaomi
1200450,Apple
1200451,Xiaomi
1200452,Apple
1200453,Apple
1200454,Apple
1200455,Apple
1200456,Samsung
1200457,Apple
1200458,Samsung
1200459,Apple
120045a,Xiaomi
120045b,Huawei
120045c,Oppo
120045d,Xiaomi
120045e,Huawei
120045f,Apple
1200460,Xiaomi
1200461,Oppo
1200462,Apple
1200463,Oppo
1200464,Apple
1200465,Apple
1200466,Samsung
1200467,Samsung
1200468,Huawei
1200469,Samsung
120046a,Apple
120046b,Samsung
120046c,Huawei
120046d,Apple
120046e,Xiaomi
120046f,Apple
1200470,Huawei
1200471,Xiaomi
1200472,Oppo
1200473,Huawei
1200474,Huawei
1200475,Samsung
1200476,Apple
1200477,Apple
1200478,Xiaomi
1200479,Apple
120047a,Apple
120047b,Apple
120047c,Apple
120047d,Apple
120047e,Apple
120047f,Huawei
1200480,Samsung
1200481,Huawei
1200482,Samsung
1200483,Huawei
1200484,Samsung
1200485,Samsung
1200486,Samsung
1200488,Apple
1200489,Huawei
120048a,Oppo
120048b,Apple
120048c,Oppo
120048d,Oppo
120048e,Huawei
120048f,Oppo
1200490,Samsung
1200491,Samsung
1200492,Samsung
1200493,Apple
1200494,Huawei
1200495,Oppo
1200496,Huawei
1200497,Xiaomi
1200498,Oppo
1200499,Huawei
120049a,Samsung
120049b,Apple
120049c,Apple
120049d,Samsung
120049e,Apple
120049f,Apple
12004a0,Oppo
12004a1,Huawei
12004a2,Apple
12004a3,Samsung
12004a4,Oppo
12004a5,Huawei
12004a6,Xiaomi
12004a7,Oppo
12004a8,Apple
12004a9,Samsung
12004aa,Samsung
12004ab,Samsung
12004ac,Xiaomi
12004ad,Apple
12004ae,Apple
12004af,Huawei
12004b0,Xiaomi
12004b1,Samsung
12004b2,Oppo
12004b3,Xiaomi
12004b4,Apple
12004b5,Huawei
12004b6,Xiaomi
12004b7,Samsung
12004b8,Apple
12004b9,Huawei
12004ba,Huawei
12004bb,Huawei
12004bc,Apple
12004bd,Apple
12004be,Oppo
12004bf,Oppo
12004c0,Apple
12004c1,Samsung
12004c2,Xiaomi
12004c3,Xiaomi
12004c4,Xiaomi
12004c5,Oppo
12004c6,Samsung
12004c7,Oppo
12004c8,Samsung
12004c9,Apple
12004ca,Samsung
12004cb,Huawei
12004cc,Apple
12004cd,Apple
12004ce,Oppo
12004cf,Apple
12004d0,Apple
12004d1,Xiaomi
12004d2,Huawei
12004d3,Oppo
12004d4,Xiaomi
12004d5,Huawei
12004d6,Apple
12004d7,Apple
12004d8,Oppo
12004d9,Apple
12004da,Apple
12004db,Apple
12004dc,Huawei
12004dd,Xiaomi
12004de,Apple
12004df,Apple
12004,Xiaomi
120040,Oppo
1200400,Oppo
12004000,Oppo
120040000,Xiaomi
1200400000,Samsung
12004000000,Oppo
120040000000,Apple
1200400000000,Oppo
12004000000000,Apple
12004ea,Xiaomi
12004eb,Huawei
12004ec,Oppo
12004ed,Xiaomi
12004ee,Oppo
12004ef,Xiaomi
12004f0,Apple
12004f1,Samsung
12004f2,Huawei
12004f3,Samsung
12004f4,Apple
12004f5,Xiaomi
12004f6,Oppo
12004f7,Apple
12004f8,Apple
12004f9,Xiaomi
12004fa,Xiaomi
12004fb,Xiaomi
12004fc,Apple
12004fd,Xiaomi
12004fe,Apple
12004ff,Apple
1200500,Samsung
1200501,Apple
1200502,Oppo
1200503,Xiaomi
1200504,Oppo
1200505,Huawei
1200506,Apple
1200507,Xiaomi
1200508,Oppo
1200509,Samsung
120050a,Huawei
120050b,Xiaomi
120050c,Huawei
120050d,Samsung
120050e,Apple
120050f,Apple
1200510,Huawei
1200511,Xiaomi
1200512,Apple
1200513,Huawei
1200514,Xiaomi
1200515,Xiaomi
1200516,Samsung
1200517,Samsung
1200518,Apple
1200519,Apple
120051a,Xiaomi
120051b,Samsung
120051c,Apple
120051d,Oppo
120051e,Apple
120051f,Apple
1200520,Oppo
1200521,Apple
1200522,Oppo
1200523,Samsung
1200524,Apple
1200525,Apple
1200526,Xiaomi
1200527,Huawei
1200528,Apple
1200529,Apple
120052a,Oppo
120052b,Huawei
120052c,Apple
120052d,Apple
120052e,Huawei
120052f,Oppo
1200530,Xiaomi
1200531,Apple
1200532,Xiaomi
1200533,Huawei
1200534,Apple
1200535,Apple
1200536,Apple
1200537,Xiaomi
1200538,Huawei
1200539,Apple
120053a,Apple
120053b,Apple
120053c,Huawei
120053d,Oppo
120053e,Xiaomi
120053f,Xiaomi
1200540,Oppo
1200541,Xiaomi
1200542,Apple
1200543,Xiaomi
1200544,Oppo
1200545,Oppo
1200546,Xiaomi
1200547,Huawei
1200548,Xiaomi
1200549,Apple
120054a,Samsung
120054b,Huawei
120054c,Oppo
120054d,Huawei
120054e,Apple
120054f,Huawei
1200550,Oppo
1200551,Oppo
1200552,Huawei
1200553,Huawei
1200554,Huawei
1200555,Samsung
1200556,Samsung
1200557,Apple
1200558,Oppo
1200559,Samsung
120055a,Oppo
120055b,Apple
120055c,Apple
120055d,Xiaomi
120055e,Huawei
120055f,Xiaomi
1200560,Apple
1200561,Oppo
1200562,Oppo
1200563,Xiaomi
1200564,Oppo
1200565,Samsung
1200566,Samsung
1200567,Apple
1200568,Apple
1200569,Oppo
120056a,Apple
120056b,Huawei
120056c,Xiaomi
120056d,Huawei
120056e,Xiaomi
120056f,Huawei
1200570,Apple
1200571,Apple
1200572,Apple
1200573,Apple
1200574,Oppo
1200575,Apple
1200576,Samsung
1200577,Oppo
1200578,Samsung
1200579,Xiaomi
120057a,Xiaomi
120057b,Apple
120057c,Apple
120057d,Xiaomi
120057e,Apple
120057f,Apple
1200580,Oppo
1200581,Samsung
1200582,Huawei
1200583,Oppo
1200584,Xiaomi
1200585,Apple
1200586,Samsung
1200587,Oppo
1200588,Apple
1200589,Apple
120058a,Xiaomi
120058b,Samsung
120058c,Huawei
120058d,Samsung
120058e,Apple
120058f,Oppo
1200590,Apple
1200591,Apple
1200592,Apple
1200593,Huawei
1200594,Oppo
1200595,Apple
1200596,Huawei
1200597,Huawei
1200598,Huawei
1200599,Apple
120059a,Oppo
120059d,Apple
120059e,Xiaomi
120059f,Samsung
12005a0,Xiaomi
12005a1,Apple
12005a2,Oppo
12005a3,Huawei
12005a4,Samsung
12005a5,Apple
12005a6,Xiaomi
12005a7,Apple
12005a8,Apple
12005a9,Apple
12005aa,Xiaomi
12005ab,Oppo
12005ac,Apple
12005ad,Oppo
12005ae,Apple
12005af,Oppo
12005b0,Apple
12005b1,Apple
12005b2,Samsung
12005b3,Oppo
12005b4,Apple
12005b5,Oppo
12005b6,Apple
12005b7,Huawei
12005b8,Oppo
12005b9,Xiaomi
12005ba,Xiaomi
12005bb,Apple
12005bc,Apple
12005bd,Oppo
12005be,Huawei
12005bf,Apple
12005c0,Apple
12005c1,Huawei
12005c2,Samsung
12005c3,Xiaomi
12005c4,Huawei
12005c5,Huawei
12005c6,Samsung
12005c7,Xiaomi
12005c8,Apple
12005c9,Samsung
12005ca,Samsung
12005cb,Apple
12005cc,Oppo
12005cd,Apple
12005ce,Apple
12005cf,Huawei
12005d4,Huawei
12005d5,Huawei
12005d6,Oppo
12005d7,Huawei
12005d8,Huawei
12005d9,Oppo
12005da,Oppo
12005db,Huawei
12005dc,Oppo
12005dd,Samsung
12005de,Apple
12005df,Samsung
12005,Xiaomi
120050,Apple
1200500,Apple
12005000,Xiaomi
120050000,Huawei
1200500000,Samsung
12005000000,Huawei
120050000000,Samsung
1200500000000,Oppo
12005000000000,Huawei
12005ea,Samsung
12005eb,Huawei
12005ec,Samsung
12005ed,Huawei
12005ee,Xiaomi
12005ef,Xiaomi
12005f0,Huawei
12005f1,Apple
12005f2,Apple
12005f3,Apple
12005f4,Huawei
12005f5,Oppo
12005f6,Xiaomi
12005f7,Apple
12005f8,Huawei
12005f9,Apple
12005fa,Samsung
12005fb,Apple
12005fc,Apple
12005fd,Apple
12005fe,Huawei
12005ff,Oppo
1200600,Apple
1200601,Oppo
1200602,Samsung
1200603,Apple
1200604,Apple
1200605,Oppo
1200606,Oppo
1200607,Apple
1200608,Huawei
1200609,Apple
1200616,Oppo
1200617,Oppo
1200618,Apple
1200619,Apple
120061a,Apple
120061b,Apple
120061c,Xiaomi
120061d,Oppo
120061e,Apple
120061f,Apple
1200620,Apple
1200621,Oppo
1200622,Samsung
1200623,Xiaomi
1200624,Huawei
1200625,Apple
1200626,Samsung
1200627,Huawei
1200628,Xiaomi
1200629,Xiaomi
120062a,Oppo
120062b,Samsung
120062c,Huawei
120062d,Xiaomi
120062e,Huawei
120062f,Samsung
1200630,Oppo
1200631,Samsung
1200632,Apple
1200633,Apple
1200634,Huawei
1200635,Apple
1200636,Apple
1200637,Xiaomi
1200638,Huawei
1200639,Samsung
120063a,Apple
120063b,Huawei
120063c,Apple
120063d,Apple
120063e,Apple
120063f,Oppo
1200640,Apple
1200641,Samsung
1200648,Apple
1200649,Xiaomi
120064a,Samsung
120064b,Xiaomi
120064c,Huawei
120064d,Apple
120064e,Samsung
120064f,Apple
1200650,Apple
1200651,Oppo
1200652,Huawei
1200653,Apple
1200654,Xiaomi
1200655,Huawei
1200656,Xiaomi
1200657,Oppo
1200658,Oppo
1200659,Samsung
120065a,Oppo
120065b,Samsung
120065c,Samsung
120065d,Huawei
120065e,Oppo
120065f,Apple
1200660,Samsung
1200661,Apple
1200662,Apple
1200663,Xiaomi
1200664,Apple
1200665,Apple
1200666,Samsung
1200667,Apple
1200668,Oppo
1200669,Xiaomi
120066a,Apple
120066b,Apple
120066c,Apple
120066d,Apple
120066f,Apple
1200680,Apple
1200681,Oppo
1200682,Huawei
1200683,Apple
1200684,Apple
1200685,Apple
1200686,Xiaomi
1200687,Huawei
1200688,Oppo
1200689,Apple
120068a,Oppo
120068b,Apple
120068c,Samsung
120068d,Oppo
120068e,Apple
120068f,Samsung
1200690,Apple
1200691,Xiaomi
1200692,Huawei
1200693,Oppo
1200694,Samsung
1200695,Samsung
1200696,Xiaomi
1200697,Xiaomi
1200698,Xiaomi
1200699,Xiaomi
120069a,Apple
120069b,Huawei
120069c,Apple
120069d,Xiaomi
120069e,Samsung
120069f,Huawei
12006a0,Apple
12006a1,Xiaomi
12006a2,Samsung
12006a3,Apple
12006a4,Apple
12006a5,Huawei
12006a6,Huawei
12006aa,Xiaomi
12006ab,Apple
12006ac,Apple
12006ad,Xiaomi
12006ae,Xiaomi
12006af,Oppo
12006b0,Oppo
12006b1,Apple
12006b2,Apple
12006b3,Oppo
12006b4,Huawei
12006b5,Xiaomi
12006b6,Huawei
12006b7,Oppo
12006b8,Apple
12006b9,Apple
12006ba,Apple
12006bb,Huawei
12006bc,Oppo
12006bd,Apple
12006be,Oppo
12006bf,Oppo
12006c0,Huawei
12006c1,Samsung
12006c2,Samsung
12006c3,Oppo
12006c4,Apple
12006c5,Oppo
12006c6,Huawei
12006c7,Huawei
12006c8,Xiaomi
12006c9,Apple
12006ca,Apple
12006cb,Xiaomi
12006cc,Oppo
12006cd,Apple
12006ce,Oppo
12006cf,Samsung
12006d0,Huawei
12006d8,Huawei
12006d9,Samsung
12006da,Apple
12006db,Oppo
12006dc,Huawei
12006dd,Apple
12006de,Apple
12006df,Xiaomi
12006,Xiaomi
120060,Samsung
1200600,Oppo
12006000,Samsung
120060000,Apple
1200600000,Huawei
12006000000,Xiaomi
120060000000,Xiaomi
1200600000000,Samsung
12006000000000,Xiaomi
12006ea,Apple
12006eb,Oppo
12006ec,Oppo
12006ed,Apple
12006ee,Oppo
12006ef,Oppo
12006f0,Apple
12006f1,Xiaomi
12006f2,Huawei
12006f3,Samsung
12006f4,Huawei
12006f5,Samsung
12006f6,Apple
12006f7,Apple
12006fc,Samsung
12006fd,Xiaomi
12006fe,Samsung
12006ff,Apple
1200700,Apple
1200701,Apple
1200702,Samsung
1200703,Oppo
1200704,Huawei
1200705,Apple
1200706,Xiaomi
1200707,Huawei
1200708,Oppo
1200709,Apple
120070a,Apple
120070b,Huawei
120070c,Apple
120070d,Huawei
120070e,Xiaomi
120070f,Huawei
1200710,Oppo
1200711,Xiaomi
1200712,Samsung
1200713,Huawei
1200714,Xiaomi
1200715,Apple
1200716,Xiaomi
1200717,Samsung
1200718,Oppo
1200719,Xiaomi
120071a,Apple
120071b,Xiaomi
120071c,Huawei
120071d,Huawei
120071e,Apple
120071f,Samsung
1200720,Apple
1200721,Xiaomi
1200722,Xiaomi
1200723,Huawei
1200724,Huawei
1200725,Samsung
1200726,Xiaomi
1200727,Apple
1200728,Oppo
1200729,Samsung
120072a,Apple
1200737,Oppo
1200738,Apple
1200739,Apple
120073a,Oppo
120073b,Oppo
120073c,Huawei
120073d,Oppo
120073e,Apple
120073f,Oppo
1200740,Xiaomi
1200741,Huawei
1200742,Apple
1200743,Huawei
1200744,Apple
1200745,Apple
1200746,Apple
1200747,Apple
1200748,Apple
1200749,Samsung
120074a,Xiaomi
120074b,Apple
120074c,Xiaomi
120074d,Huawei
120074e,Apple
120074f,Samsung
1200750,Oppo
1200751,Apple
1200752,Huawei
1200753,Huawei
1200754,Oppo
1200755,Huawei
1200756,Apple
1200757,Apple
1200758,Oppo
1200759,Xiaomi
120075a,Xiaomi
120075b,Huawei
120075c,Apple
120075d,Apple
120075e,Xiaomi
120075f,Xiaomi
1200760,Apple
1200761,Samsung
1200762,Samsung
1200763,Apple
1200766,Xiaomi
1200767,Samsung
1200769,Apple
120077c,Samsung
120077d,Huawei
120077e,Oppo
120077f,Xiaomi
1200780,Samsung
1200781,Xiaomi
1200782,Huawei
1200783,Apple
1200784,Samsung
1200785,Oppo
1200786,Xiaomi
1200787,Xiaomi
1200788,Samsung
1200789,Samsung
120078a,Samsung
120078b,Apple
120078c,Samsung
120078d,Apple
120078e,Oppo
120078f,Apple
1200790,Xiaomi
1200791,Oppo
1200792,Xiaomi
1200793,Samsung
1200794,Apple
1200795,Huawei
1200796,Apple
1200797,Oppo
1200798,Oppo
1200799,Apple
120079a,Oppo
120079b,Samsung
120079c,Oppo
120079e,Apple
120079f,Oppo
12007a0,Apple
12007a2,Samsung
12007ae,Xiaomi
12007af,Apple
12007b0,Apple
12007b1,Apple
12007b2,Samsung
12007b3,Oppo
12007b4,Oppo
12007b5,Samsung
12007b6,Xiaomi
12007b7,Apple
12007b8,Oppo
12007b9,Huawei
12007ba,Xiaomi
12007bb,Apple
12007bc,Apple
12007bd,Huawei
12007be,Apple
12007bf,Apple
12007c0,Samsung
12007c1,Huawei
12007c2,Apple
12007c3,Samsung
12007c4,Samsung
12007c5,Huawei
12007c6,Huawei
12007c7,Apple
12007c8,Samsung
12007c9,Apple
12007ca,Apple
12007cb,Xiaomi
12007cc,Apple
1200700000,Oppo
12007000000,Apple
120070000000,Apple
1200700000000,Samsung
12007000000000,Oppo
12007ea,Oppo
12007eb,Apple
12007ec,Oppo
12007ed,Apple
12007ee,Huawei
12007ef,Apple
12007f0,Samsung
12007f1,Huawei
12007f2,Apple
12007f3,Apple
12007f4,Huawei
12007f5,Oppo
12007f6,Apple
12007f7,Apple
12007f8,Oppo
12007f9,Xiaomi
12007fa,Samsung
12007fb,Apple
12007fc,Apple
12007fd,Samsung
12007fe,Oppo
1200822,Samsung
1200823,Huawei
1200824,Samsung
1200825,Apple
1200826,Apple
1200827,Oppo
1200828,Apple
1200829,Oppo
120082a,Apple
120082c,Oppo
120082e,Xiaomi
1200830,Apple
1200832,Huawei
1200834,Apple
1200865,Samsung
1200867,Xiaomi
2200000,Huawei
2200001,Oppo
2200002,Samsung
2200003,Apple
2200004,Apple
2200005,Xiaomi
2200006,Huawei
2200007,Xiaomi
2200008,Xiaomi
2200009,Apple
220000a,Huawei
220000b,Oppo
220000c,Apple
220000d,Xiaomi
220000e,Apple
220000f,Huawei
2200010,Samsung
2200011,Apple
2200012,Apple
2200013,Apple
2200014,Huawei
2200015,Apple
2200016,Xiaomi
2200017,Apple
2200018,Huawei
2200019,Xiaomi
220001a,Xiaomi
220001b,Apple
220001c,Xiaomi
220001d,Apple
220001f,Apple
2200020,Oppo
2200021,Huawei
2200022,Apple
2200023,Xiaomi
2200024,Xiaomi
2200026,Samsung
2200027,Xiaomi
2200028,Apple
2200029,Huawei
220002a,Xiaomi
220002b,Apple
220002c,Xiaomi
220002d,Oppo
220002e,Apple
220002f,Xiaomi
2200030,Samsung
2200031,Oppo
2200032,Huawei
2200033,Samsung
2200034,Apple
2200035,Oppo
2200036,Huawei
2200037,Huawei
2200038,Samsung
2200039,Oppo
220003a,Huawei
220003b,Apple
220003c,Samsung
220003d,Apple
220003e,Apple
220003f,Samsung
2200040,Samsung
2200041,Huawei
2200042,Samsung
2200043,Oppo
2200044,Apple
2200045,Huawei
2200046,Xiaomi
2200047,Huawei
2200048,Xiaomi
2200049,Samsung
220004a,Apple
220004b,Apple
220004c,Xiaomi
220004d,Xiaomi
220004e,Oppo
220004f,Samsung
2200050,Apple
2200051,Samsung
2200052,Oppo
2200053,Apple
2200054,Oppo
2200055,Apple
2200056,Huawei
2200057,Xiaomi
2200058,Apple
2200059,Xiaomi
220005a,Samsung
220005b,Apple
220005c,Huawei
220005d,Apple
220005e,Xiaomi
220005f,Apple
2200061,Samsung
2200063,Oppo
2200064,Apple
2200065,Huawei
2200066,Apple
2200067,Apple
2200068,Samsung
2200069,Apple
220006a,Apple
220006b,Huawei
220006c,Apple
220006d,Apple
220006e,Samsung
220006f,Apple
2200070,Oppo
2200071,Oppo
2200072,Xiaomi
2200073,Xiaomi
2200074,Apple
2200075,Apple
2200076,Oppo
2200077,Oppo
2200078,Apple
2200079,Apple
220007a,Samsung
220007b,Huawei
220007c,Huawei
220007d,Samsung
220007e,Samsung
220007f,Xiaomi
2200080,Huawei
2200081,Oppo
2200082,Xiaomi
2200083,Apple
2200084,Apple
2200085,Apple
2200086,Samsung
2200087,Samsung
2200088,Huawei
2200089,Samsung
220008a,Xiaomi
220008b,Huawei
220008c,Xiaomi
220008d,Oppo
220008e,Apple
2200091,Xiaomi
2200093,Xiaomi
2200096,Huawei
2200098,Oppo
2200099,Oppo
220009a,Oppo
220009b,Oppo
220009c,Apple
220009d,Huawei
220009e,Xiaomi
220009f,Apple
22000a0,Samsung
22000a1,Oppo
22000a2,Huawei
22000a3,Apple
22000a4,Oppo
22000a5,Apple
22000a6,Samsung
22000a7,Apple
22000a8,Oppo
22000a9,Oppo
22000aa,Samsung
22000ab,Apple
22000ac,Apple
22000ad,Apple
22000ae,Apple
22000af,Xiaomi
22000b0,Apple
22000b1,Samsung
22000b2,Samsung
22000b3,Xiaomi
22000b4,Samsung
22000b5,Apple
22000b6,Apple
22000b7,Apple
22000b8,Samsung
22000b9,Apple
22000ba,Huawei
22000bb,Huawei
22000bc,Oppo
22000bd,Huawei
22000be,Huawei
22000bf,Apple
22000c0,Oppo
22000c1,Oppo
22000c2,Xiaomi
22000c3,Huawei
22000c4,Xiaomi
22000c5,Oppo
22000c6,Samsung
22000c7,Apple
22000c8,Apple
22000c9,Apple
22000ca,Huawei
22000cb,Oppo
22000cc,Oppo
22000cd,Samsung
22000ce,Apple
22000cf,Samsung
22000d0,Apple
22000d1,Samsung
22000d2,Huawei
22000d3,Apple
22000d4,Apple
22000d5,Huawei
22000d6,Huawei
22000d7,Apple
22000d8,Apple
22000d9,Xiaomi
22000da,Xiaomi
22000db,Samsung
22000dc,Oppo
22000dd,Samsung
22000de,Huawei
22000df,Oppo
22000,Apple
220000,Apple
2200000,Apple
22000000,Apple
220000000,Xiaomi
2200000000,Oppo
22000000000,Samsung
220000000000,Huawei
2200000000000,Xiaomi
22000000000000,Apple
22000ea,Xiaomi
22000eb,Apple
22000ec,Huawei
22000ed,Oppo
22000ee,Huawei
22000ef,Apple
22000f0,Oppo
22000f1,Huawei
22000f2,Xiaomi
22000f3,Huawei
22000f4,Apple
22000f5,Huawei
22000f6,Apple
22000f7,Samsung
22000f8,Samsung
22000f9,Apple
22000fa,Oppo
22000fb,Huawei
22000fc,Apple
22000fd,Xiaomi
22000fe,Apple
22000ff,Oppo
2200100,Huawei
2200101,Samsung
2200102,Samsung
2200103,Apple
2200104,Huawei
2200105,Huawei
2200106,Huawei
2200107,Apple
2200108,Apple
2200109,Xiaomi
220010a,Huawei
220010b,Samsung
220010c,Apple
220010d,Xiaomi
220010e,Oppo
220010f,Huawei
2200110,Samsung
2200111,Oppo
2200112,Apple
2200113,Oppo
2200114,Samsung
2200115,Oppo
2200116,Oppo
2200117,Samsung
2200118,Samsung
2200119,Huawei
220011a,Apple
220011b,Samsung
220011c,Samsung
220011d,Oppo
220011e,Apple
220011f,Apple
2200120,Samsung
2200121,Oppo
2200122,Apple
2200123,Apple
2200124,Oppo
2200125,Huawei
2200126,Apple
2200127,Huawei
2200128,Apple
2200129,Samsung
220012a,Samsung
220012b,Apple
220012c,Apple
220012d,Huawei
220012e,Xiaomi
220012f,Xiaomi
2200130,Xiaomi
2200131,Xiaomi
2200132,Oppo
2200133,Huawei
2200134,Oppo
2200135,Apple
2200136,Samsung
2200137,Samsung
2200138,Samsung
2200139,Apple
220013a,Xiaomi
220013b,Apple
220013c,Huawei
220013d,Apple
220013e,Oppo
220013f,Samsung
2200140,Oppo
2200141,Oppo
2200142,Samsung
2200143,Apple
2200144,Xiaomi
2200145,Samsung
2200146,Xiaomi
2200147,Apple
2200148,Oppo
2200149,Xiaomi
220014a,Samsung
220014b,Huawei
220014c,Oppo
220014d,Apple
220014e,Samsung
220014f,Apple
2200150,Apple
2200151,Xiaomi
2200152,Huawei
2200153,Samsung
2200154,Huawei
2200155,Apple
2200156,Samsung
2200157,Samsung
2200158,Xiaomi
2200159,Apple
220015a,Apple
220015b,Oppo
220015c,Oppo
220015d,Oppo
220015e,Apple
220015f,Huawei
2200160,Apple
2200161,Huawei
2200162,Samsung
2200163,Samsung
2200164,Xiaomi
2200165,Apple
2200166,Oppo
2200167,Samsung
2200168,Samsung
2200169,Apple
220016a,Huawei
220016b,Apple
220016c,Apple
220016d,Apple
220016e,Samsung
220016f,Apple
2200170,Oppo
2200171,Apple
2200172,Xiaomi
2200173,Xiaomi
2200174,Apple
2200175,Apple
2200176,Samsung
2200177,Huawei
2200178,Apple
2200179,Apple
220017a,Xiaomi
220017b,Samsung
220017c,Apple
220017d,Apple
220017e,Samsung
220017f,Huawei
2200180,Samsung
2200181,Xiaomi
2200182,Xiaomi
2200183,Xiaomi
2200184,Apple
2200185,Apple
2200186,Oppo
2200187,Huawei
2200188,Apple
2200189,Oppo
220018a,Huawei
220018b,Xiaomi
220018c,Samsung
220018d,Huawei
220018e,Huawei
220018f,Xiaomi
2200190,Apple
2200191,Apple
2200192,Oppo
2200193,Samsung
2200194,Samsung
2200195,Apple
2200196,Huawei
2200197,Apple
2200198,Huawei
2200199,Xiaomi
220019a,Huawei
220019b,Huawei
22001a0,Apple
22001a1,Huawei
22001a2,Oppo
22001a3,Huawei
22001a4,Apple
22001a5,Samsung
22001a6,Xiaomi
22001a7,Apple
22001a8,Huawei
22001a9,Xiaomi
22001aa,Apple
22001ab,Xiaomi
22001ac,Xiaomi
22001ad,Samsung
22001ae,Apple
22001af,Oppo
22001b0,Apple
22001b1,Oppo
22001b2,Huawei
22001b3,Oppo
22001b4,Apple
22001b5,Apple
22001b6,Oppo
22001b7,Apple
22001b8,Oppo
22001b9,Oppo
22001ba,Apple
22001bb,Xiaomi
22001bc,Oppo
22001bd,Xiaomi
22001be,Samsung
22001bf,Xiaomi
22001c0,Xiaomi
22001c1,Huawei
22001c2,Apple
22001c3,Apple
22001c4,Oppo
22001c5,Samsung
22001c6,Samsung
22001c7,Xiaomi
22001c8,Apple
22001c9,Huawei
22001cb,Apple
22001cc,Apple
22001cd,Xiaomi
22001ce,Huawei
22001cf,Xiaomi
22001d0,Apple
22001d1,Apple
22001d2,Oppo
22001d3,Apple
22001d4,Huawei
22001d5,Samsung
22001d6,Apple
22001d7,Oppo
22001d8,Apple
22001d9,Apple
22001da,Apple
22001db,Huawei
22001,Xiaomi
220010,Apple
2200100,Oppo
22001000,Huawei
220010000,Samsung
22001000000,Apple
220010000000,Oppo
2200100000000,Apple
22001000000000,Oppo
22001eb,Oppo
22001ec,Apple
22001ed,Huawei
22001ee,Samsung
22001ef,Oppo
22001f0,Xiaomi
22001f1,Oppo
22001f2,Xiaomi
22001f3,Huawei
22001f4,Oppo
22001f7,Apple
22001f8,Samsung
22001fa,Apple
22001fb,Samsung
22001fc,Oppo
22001fd,Apple
22001fe,Apple
22001ff,Samsung
2200200,Huawei
2200203,Samsung
2200204,Oppo
2200207,Apple
220020c,Huawei
220020d,Huawei
220020e,Huawei
220020f,Xiaomi
2200210,Apple
2200211,Apple
2200212,Huawei
2200213,Huawei
2200214,Xiaomi
2200215,Xiaomi
2200216,Xiaomi
2200217,Samsung
2200218,Samsung
2200219,Apple
220021a,Apple
220021b,Xiaomi
220021c,Xiaomi
220021d,Apple
220021e,Samsung
220021f,Xiaomi
2200220,Huawei
2200221,Huawei
2200222,Oppo
2200223,Oppo
2200224,Xiaomi
2200228,Apple
2200229,Apple
220022a,Oppo
220022b,Huawei
2200236,Oppo
2200237,Samsung
2200238,Oppo
2200239,Apple
220023a,Huawei
220023b,Huawei
220023c,Oppo
220023d,Oppo
220023e,Huawei
220023f,Apple
2200240,Xiaomi
2200241,Huawei
2200242,Xiaomi
2200243,Huawei
2200244,Samsung
2200245,Oppo
2200246,Xiaomi
2200247,Huawei
2200248,Huawei
2200249,Apple
220024a,Oppo
220024b,Apple
220024c,Samsung
220024d,Apple
220024e,Huawei
220024f,Huawei
2200250,Huawei
2200252,Huawei
2200253,Samsung
2200260,Xiaomi
2200261,Apple
2200262,Samsung
2200263,Oppo
2200264,Samsung
2200265,Apple
2200266,Apple
2200267,Xiaomi
2200268,Apple
2200269,Huawei
220026a,Samsung
220026b,Apple
220026c,Apple
220026d,Xiaomi
220026e,Huawei
220026f,Apple
2200270,Samsung
2200271,Apple
2200272,Apple
2200273,Samsung
2200274,Apple
2200276,Apple
2200277,Apple
2200278,Apple
2200279,Apple
220027a,Xiaomi
220027b,Oppo
220027f,Samsung
2200288,Huawei
2200289,Oppo
220028a,Apple
220028b,Apple
220028c,Samsung
220028d,Apple
220028e,Apple
220028f,Apple
2200290,Samsung
2200291,Huawei
2200292,Apple
2200293,Samsung
2200294,Apple
2200295,Xiaomi
2200296,Xiaomi
2200297,Xiaomi
2200298,Apple
2200299,Xiaomi
220029a,Apple
220029b,Apple
220029c,Huawei
220029d,Huawei
220029e,Apple
220029f,Apple
22002a0,Oppo
22002a1,Samsung
22002a2,Xiaomi
22002a3,Oppo
22002a4,Oppo
22002a5,Oppo
22002a6,Huawei
22002a7,Apple
22002a8,Apple
22002a9,Apple
22002aa,Apple
22002ab,Xiaomi
22002ac,Huawei
22002af,Apple
22002cc,Huawei
22002cd,Xiaomi
22002ce,Huawei
22002cf,Apple
22002d0,Apple
22002d1,Samsung
22002d2,Samsung
22002d3,Huawei
22002d4,Apple
22002d5,Oppo
22002d6,Samsung
22002d7,Oppo
22002d8,Apple
22002d9,Oppo
22002da,Huawei
22002db,Apple
22002dc,Xiaomi
22002dd,Oppo
22002de,Apple
22002df,Huawei
22002,Xiaomi
220020,Samsung
2200200,Xiaomi
22002000,Apple
220020000,Xiaomi
2200200000,Apple
22002000000,Xiaomi
220020000000,Xiaomi
2200200000000,Xiaomi
22002ea,Huawei
22002eb,Huawei
22002ec,Samsung
22002ed,Apple
22002ee,Samsung
22002ef,Huawei
22002f0,Samsung
22002f1,Oppo
22002f2,Apple
22002f3,Apple
22002f4,Oppo
22002f5,Huawei
22002f6,Apple
22002f7,Huawei
2200314,Apple
2200315,Samsung
2200316,Apple
2200317,Samsung
2200318,Apple
220031a,Apple
220031b,Apple
3200000,Oppo
3200001,Samsung
3200002,Oppo
3200003,Apple
3200004,Apple
3200005,Oppo
3200006,Apple
3200007,Apple
3200008,Apple
3200009,Apple
320000a,Apple
320000b,Apple
320000c,Xiaomi
320000d,Huawei
320000e,Huawei
320000f,Apple
3200010,Samsung
3200013,Apple
3200014,Oppo
3200015,Apple
3200016,Apple
3200017,Samsung
3200018,Xiaomi
3200019,Apple
320001a,Huawei
320001b,Apple
320001c,Huawei
320001d,Samsung
320001e,Huawei
320001f,Xiaomi
3200020,Xiaomi
3200021,Xiaomi
3200022,Xiaomi
3200023,Oppo
3200024,Huawei
3200025,Huawei
3200026,Apple
3200027,Oppo
3200028,Apple
3200029,Apple
320002a,Apple
320002b,Samsung
320002c,Samsung
320002d,Samsung
320002e,Huawei
320002f,Apple
3200030,Samsung
3200031,Apple
3200032,Xiaomi
3200033,Apple
3200034,Apple
3200035,Samsung
3200036,Samsung
3200037,Xiaomi
3200038,Huawei
3200039,Apple
320003a,Samsung
320003b,Apple
320003c,Apple
320003d,Huawei
320003e,Apple
3200040,Apple
3200041,Apple
3200043,Samsung
3200044,Xiaomi
3200045,Huawei
3200046,Oppo
3200047,Xiaomi
3200048,Xiaomi
3200049,Oppo
320004a,Xiaomi
320004b,Samsung
320004c,Xiaomi
320004d,Xiaomi
320004e,Apple
320004f,Samsung
3200050,Xiaomi
3200051,Apple
3200052,Samsung
3200053,Huawei
3200054,Samsung
3200055,Huawei
3200056,Xiaomi
3200057,Huawei
3200058,Apple
3200059,Samsung
320005a,Oppo
320005b,Xiaomi
320005c,Huawei
320005d,Samsung
320005e,Apple
320005f,Huawei
3200060,Xiaomi
3200061,Xiaomi
3200062,Xiaomi
3200063,Oppo
3200064,Apple
3200065,Apple
3200066,Huawei
3200067,Samsung
3200068,Apple
3200069,Samsung
320006a,Xiaomi
320006b,Apple
320006c,Xiaomi
320006d,Apple
320006e,Samsung
320006f,Xiaomi
3200070,Oppo
3200071,Apple
3200072,Oppo
3200073,Oppo
3200074,Samsung
3200075,Huawei
3200076,Oppo
3200078,Oppo
3200079,Xiaomi
320007b,Huawei
320007e,Oppo
3200080,Apple
3200081,Xiaomi
3200082,Apple
3200083,Oppo
3200084,Oppo
3200085,Apple
3200086,Apple
3200087,Samsung
3200088,Samsung
3200089,Samsung
320008a,Apple
320008b,Huawei
320008c,Huawei
320008d,Oppo
320008e,Huawei
320008f,Oppo
3200090,Huawei
3200091,Apple
3200092,Samsung
3200093,Apple
3200094,Xiaomi
3200095,Xiaomi
3200096,Apple
3200097,Xiaomi
3200098,Apple
3200099,Oppo
320009a,Apple
320009b,Huawei
320009c,Xiaomi
320009d,Huawei
320009e,Oppo
320009f,Samsung
32000a0,Samsung
32000a1,Apple
32000a2,Apple
32000a3,Apple
32000a4,Apple
32000a5,Huawei
32000a6,Oppo
32000a7,Samsung
32000a8,Huawei
32000a9,Xiaomi
32000aa,Apple
32000ab,Apple
32000ac,Apple
32000ad,Apple
32000ae,Huawei
32000af,Apple
32000b0,Huawei
32000b1,Huawei
32000b2,Apple
32000b3,Samsung
32000b4,Apple
32000b5,Apple
32000b6,Apple
32000b7,Xiaomi
32000b8,Oppo
32000b9,Oppo
32000ba,Samsung
32000bb,Samsung
32000bc,Apple
32000bd,Xiaomi
32000be,Huawei
32000bf,Xiaomi
32000c0,Oppo
32000c1,Apple
32000c2,Samsung
32000c3,Huawei
32000c4,Oppo
32000c5,Samsung
32000c6,Huawei
32000c7,Huawei
32000c8,Huawei
32000c9,Apple
32000ca,Huawei
32000cb,Apple
32000cc,Xiaomi
32000cd,Apple
32000ce,Oppo
32000cf,Xiaomi
32000d0,Oppo
32000d1,Huawei
32000d2,Oppo
32000d3,Samsung
32000d4,Huawei
32000d5,Oppo
32000d6,Apple
32000d7,Apple
32000d8,Oppo
32000d9,Apple
32000da,Apple
32000db,Huawei
32000dc,Oppo
32000dd,Apple
32000de,Huawei
32000df,Apple
32000,Xiaomi
320000,Samsung
3200000,Samsung
32000000,Oppo
320000000,Xiaomi
3200000000,Apple
32000000000,Apple
320000000000,Xiaomi
3200000000000,Samsung
32000000000000,Apple
32000ea,Apple
32000eb,Samsung
32000ec,Apple
32000ed,Apple
32000ee,Huawei
32000ef,Apple
32000f0,Samsung
32000f1,Apple
32000f2,Apple
32000f3,Oppo
32000f4,Apple
32000f5,Samsung
32000f6,Huawei
32000f7,Xiaomi
32000f8,Apple
32000f9,Apple
32000fa,Huawei
32000fb,Huawei
32000fc,Xiaomi
32000fd,Samsung
32000fe,Oppo
32000ff,Huawei
3200100,Samsung
3200101,Samsung
3200102,Apple
3200103,Apple
3200104,Xiaomi
3200105,Oppo
3200106,Apple
3200107,Apple
3200108,Apple
3200109,Apple
320010a,Apple
320010b,Apple
320010c,Samsung
320010d,Oppo
320010e,Samsung
320010f,Huawei
3200110,Samsung
3200111,Samsung
3200112,Apple
3200113,Xiaomi
3200114,Oppo
3200115,Apple
3200116,Xiaomi
3200117,Huawei
3200118,Huawei
3200119,Apple
320011a,Oppo
320011b,Huawei
320011c,Oppo
320011d,Apple
320011e,Apple
320011f,Oppo
3200120,Samsung
3200121,Samsung
3200122,Huawei
3200123,Huawei
3200124,Oppo
3200125,Oppo
3200126,Apple
3200127,Apple
3200128,Samsung
3200129,Apple
320012a,Apple
320012b,Apple
320012c,Samsung
320012d,Samsung
320012e,Apple
320012f,Huawei
3200130,Samsung
3200131,Xiaomi
3200132,Samsung
3200133,Apple
3200134,Xiaomi
3200135,Apple
3200136,Huawei
3200137,Huawei
3200138,Apple
3200139,Apple
320013a,Apple
320013b,Huawei
320013c,Huawei
320013d,Apple
320013e,Huawei
320013f,Oppo
3200140,Xiaomi
3200141,Apple
3200142,Apple
3200143,Oppo
3200144,Apple
3200145,Apple
3200146,Samsung
3200147,Xiaomi
3200148,Huawei
3200149,Samsung
320014a,Apple
320014b,Oppo
320014c,Oppo
320014d,Samsung
320014e,Oppo
320014f,Oppo
3200150,Apple
3200151,Xiaomi
3200152,Huawei
3200153,Apple
3200154,Samsung
3200155,Apple
3200156,Huawei
3200157,Samsung
3200158,Apple
3200159,Samsung
320015a,Xiaomi
320015b,Apple
320015c,Apple
320015d,Oppo
320015e,Apple
320015f,Apple
3200160,Oppo
3200161,Apple
3200163,Samsung
3200164,Apple
3200165,Samsung
3200166,Xiaomi
3200167,Huawei
3200168,Samsung
3200169,Huawei
320016a,Oppo
320016b,Samsung
320016c,Huawei
320016d,Huawei
320016e,Oppo
320016f,Apple
3200170,Oppo
3200171,Xiaomi
3200172,Xiaomi
3200173,Apple
3200174,Huawei
3200175,Xiaomi
3200176,Samsung
3200177,Xiaomi
3200178,Samsung
3200179,Samsung
320017a,Samsung
320017b,Apple
320017c,Apple
320017d,Oppo
320017e,Apple
320017f,Apple
3200180,Xiaomi
3200181,Apple
3200182,Samsung
3200183,Huawei
3200184,Xiaomi
3200185,Samsung
3200186,Apple
3200187,Xiaomi
3200188,Apple
3200189,Apple
320018a,Xiaomi
320018b,Apple
320018c,Apple
3200191,Apple
3200192,Samsung
3200194,Oppo
3200195,Apple
3200196,Apple
3200197,Apple
3200198,Samsung
3200199,Apple
320019a,Huawei
320019b,Xiaomi
320019c,Apple
320019d,Huawei
320019f,Apple
32001a0,Samsung
32001a4,Huawei
32001a5,Apple
32001a6,Oppo
32001a7,Samsung
32001a8,Apple
32001a9,Samsung
32001aa,Xiaomi
32001ab,Huawei
32001ac,Samsung
32001ad,Oppo
32001ae,Huawei
32001af,Samsung
32001b0,Xiaomi
32001b2,Huawei
32001b3,Xiaomi
32001b4,Oppo
32001b7,Xiaomi
32001b9,Apple
32001ba,Samsung
32001bc,Huawei
32001be,Samsung
32001bf,Huawei
32001c0,Xiaomi
32001c1,Xiaomi
32001c2,Samsung
32001c3,Huawei
32001c4,Samsung
32001c5,Samsung
32001c6,Samsung
32001c7,Huawei
32001cc,Huawei
32001cd,Huawei
32001ce,Oppo
32001cf,Oppo
32001d0,Oppo
32001d1,Apple
32001d2,Apple
32001d3,Huawei
32001d4,Huawei
32001d5,Samsung
32001d6,Apple
32001d7,Xiaomi
32001d8,Oppo
32001d9,Huawei
32001da,Huawei
32001db,Apple
32001dc,Huawei
32001dd,Apple
32001de,Apple
32001df,Apple
320010,Oppo
3200100,Huawei
32001ec,Apple
32001ed,Apple
32001ee,Apple
32001ef,Samsung
32001f0,Oppo
32001f1,Huawei
32001f2,Samsung
32001f3,Apple
3200204,Xiaomi
3200205,Xiaomi
3200206,Samsung
3200207,Apple
3200208,Huawei
3200209,Xiaomi
320020a,Xiaomi
320020b,Oppo
320020c,Huawei
320020f,Xiaomi
3200210,Oppo
3200212,Huawei
3200213,Huawei
3200214,Oppo
3200215,Oppo
3200216,Samsung
3200217,Apple
3200218,Huawei
3200219,Samsung
320021a,Oppo
320021b,Xiaomi
320021c,Huawei
320021f,Huawei
3200224,Huawei
3200225,Xiaomi
3200226,Samsung
3200227,Xiaomi
3200228,Apple
3200229,Xiaomi
320022a,Huawei
320022b,Apple
320022c,Xiaomi
320022d,Apple
320022e,Samsung
320022f,Apple
3200230,Apple
3200231,Xiaomi
3200232,Xiaomi
3200233,Samsung
3200234,Apple
3200235,Apple
3200236,Oppo
3200237,Huawei
3200258,Huawei
3200259,Xiaomi
320025a,Apple
320025b,Huawei
320025c,Oppo
320025d,Huawei
320025e,Xiaomi
320025f,Apple
3200260,Xiaomi
3200261,Samsung
3200262,Apple
3200263,Apple
3200264,Xiaomi
3200265,Samsung
3200266,Samsung
3200267,Xiaomi
3200268,Apple
3200269,Oppo
320026a,Apple
320026b,Xiaomi
320026c,Huawei
320026d,Samsung
320026e,Xiaomi
320026f,Apple
3200270,Apple
3200271,Samsung
3200272,Oppo
3200273,Apple
3200290,Samsung
3200291,Apple
3200292,Oppo
3200293,Xiaomi
3200294,Apple
3200296,Samsung
3200297,Oppo
320029b,Samsung
320029c,Xiaomi
320029e,Huawei
320029f,Samsung
32002a0,Xiaomi
32002a1,Apple
32002a2,Apple
32002a3,Huawei
4200000,Xiaomi
4200001,Xiaomi
4200002,Apple
4200003,Apple
4200004,Apple
4200005,Huawei
4200006,Apple
4200007,Huawei
4200008,Apple
4200009,Huawei
420000a,Apple
420000b,Xiaomi
420000c,Samsung
420000d,Samsung
420000e,Samsung
420000f,Huawei
4200010,Huawei
4200011,Apple
4200012,Apple
4200013,Huawei
4200014,Samsung
4200015,Apple
4200016,Apple
4200017,Xiaomi
4200018,Apple
4200019,Apple
420001a,Samsung
420001b,Huawei
420001c,Oppo
420001d,Huawei
420001e,Oppo
420001f,Samsung
4200020,Oppo
4200021,Oppo
4200022,Xiaomi
4200023,Apple
4200024,Apple
4200025,Xiaomi
4200026,Oppo
4200027,Apple
4200028,Apple
4200029,Apple
420002a,Apple
420002b,Xiaomi
420002c,Huawei
420002d,Apple
420002e,Oppo
420002f,Oppo
4200030,Samsung
4200031,Apple
4200032,Huawei
4200033,Samsung
4200034,Apple
4200035,Xiaomi
4200036,Oppo
4200037,Apple
4200038,Xiaomi
4200039,Apple
420003a,Oppo
420003b,Samsung
420003c,Samsung
420003d,Apple
420003e,Apple
420003f,Apple
4200040,Apple
4200041,Apple
4200042,Oppo
4200043,Apple
4200044,Oppo
4200045,Oppo
4200046,Huawei
4200047,Huawei
4200048,Apple
4200049,Oppo
420004a,Samsung
420004b,Samsung
420004c,Huawei
420004d,Xiaomi
420004e,Huawei
420004f,Xiaomi
4200050,Xiaomi
4200051,Apple
4200052,Xiaomi
4200053,Oppo
4200054,Xiaomi
4200055,Xiaomi
4200056,Samsung
4200057,Apple
4200058,Xiaomi
4200059,Huawei
420005a,Samsung
420005b,Apple
420005c,Apple
420005d,Huawei
420005e,Xiaomi
420005f,Apple
4200060,Apple
4200061,Xiaomi
4200062,Oppo
4200063,Oppo
4200064,Xiaomi
4200065,Apple
4200066,Samsung
4200067,Huawei
4200068,Samsung
4200069,Apple
420006a,Samsung
420006b,Apple
420006c,Samsung
420006d,Huawei
420006e,Huawei
420006f,Oppo
4200070,Oppo
4200071,Apple
4200072,Apple
4200073,Apple
4200074,Apple
4200075,Huawei
4200076,Huawei
4200077,Xiaomi
4200078,Apple
4200079,Xiaomi
420007a,Samsung
420007b,Samsung
420007c,Xiaomi
420007d,Apple
420007e,Apple
420007f,Samsung
4200080,Apple
4200081,Xiaomi
4200082,Samsung
4200083,Samsung
4200084,Oppo
4200085,Apple
4200086,Xiaomi
4200087,Apple
4200088,Samsung
4200089,Apple
420008a,Oppo
420008b,Samsung
420008c,Samsung
420008d,Oppo
420008e,Apple
420008f,Apple
4200090,Huawei
4200091,Apple
4200092,Huawei
4200093,Xiaomi
4200094,Xiaomi
4200095,Huawei
4200096,Oppo
4200097,Huawei
4200098,Xiaomi
4200099,Huawei
420009a,Xiaomi
420009b,Xiaomi
420009c,Apple
420009d,Oppo
420009e,Apple
420009f,Xiaomi
42000a0,Samsung
42000a1,Huawei
42000a2,Apple
42000a3,Xiaomi
42000a4,Apple
42000a5,Samsung
42000a6,Xiaomi
42000a7,Oppo
42000a8,Oppo
42000a9,Samsung
42000aa,Samsung
42000ab,Oppo
42000ac,Samsung
42000ad,Huawei
42000ae,Huawei
42000af,Apple
42000b0,Huawei
42000b1,Samsung
42000b2,Huawei
42000b3,Apple
42000b4,Xiaomi
42000b5,Apple
42000b6,Apple
42000b7,Xiaomi
42000b8,Apple
42000b9,Oppo
42000ba,Huawei
42000bb,Apple
42000bc,Huawei
42000bd,Samsung
42000be,Oppo
42000bf,Oppo
42000c0,Huawei
42000c1,Apple
42000c2,Apple
42000c3,Xiaomi
42000c4,Samsung
42000c5,Apple
42000c6,Samsung
42000c7,Oppo
42000c8,Xiaomi
42000c9,Samsung
42000ca,Apple
42000cb,Huawei
42000cc,Apple
42000cd,Oppo
42000ce,Apple
42000cf,Samsung
42000d0,Huawei
42000d1,Huawei
42000d2,Oppo
42000d3,Xiaomi
42000d4,Samsung
42000d5,Xiaomi
42000d6,Huawei
42000d7,Oppo
42000d8,Apple
42000d9,Oppo
42000da,Apple
42000db,Xiaomi
42000dc,Huawei
42000dd,Samsung
42000de,Samsung
42000df,Apple
42000,Xiaomi
420000,Apple
4200000,Xiaomi
42000000,Xiaomi
420000000,Apple
4200000000,Oppo
42000000000,Apple
420000000000,Apple
4200000000000,Oppo
42000000000000,Apple
42000ea,Samsung
42000eb,Oppo
42000ec,Apple
42000ed,Apple
42000ee,Apple
42000ef,Oppo
42000f0,Apple
42000f1,Samsung
42000f2,Apple
42000f3,Xiaomi
42000f4,Apple
42000f5,Samsung
42000f6,Oppo
42000f7,Huawei
42000f8,Apple
42000f9,Xiaomi
42000fa,Apple
42000fb,Apple
42000fc,Huawei
42000fd,Oppo
42000fe,Samsung
42000ff,Xiaomi
4200100,Xiaomi
4200101,Samsung
4200102,Samsung
4200103,Huawei
4200104,Apple
4200105,Huawei
4200106,Huawei
4200107,Apple
4200108,Apple
4200109,Apple
420010a,Xiaomi
420010b,Samsung
420010c,Apple
420010d,Oppo
420010e,Xiaomi
420010f,Samsung
4200110,Apple
4200111,Oppo
4200112,Huawei
4200113,Oppo
4200114,Apple
4200115,Xiaomi
4200116,Samsung
4200117,Apple
4200118,Huawei
4200119,Oppo
420011a,Huawei
420011b,Apple
420011c,Apple
420011d,Apple
420011e,Apple
420011f,Oppo
4200120,Apple
4200121,Xiaomi
4200122,Apple
4200123,Samsung
4200124,Apple
4200125,Samsung
4200126,Samsung
4200127,Huawei
4200128,Samsung
4200129,Xiaomi
420012a,Oppo
420012b,Apple
420012c,Samsung
420012d,Oppo
420012e,Apple
420012f,Apple
4200130,Huawei
4200131,Huawei
4200132,Oppo
4200133,Apple
4200134,Apple
4200135,Samsung
4200136,Oppo
4200139,Xiaomi
420013a,Xiaomi
420013b,Huawei
420013c,Apple
420013d,Xiaomi
420013e,Xiaomi
420013f,Samsung
4200140,Oppo
4200141,Oppo
4200142,Huawei
4200143,Samsung
4200144,Oppo
4200145,Samsung
4200146,Apple
4200147,Xiaomi
4200148,Huawei
4200149,Apple
420014a,Xiaomi
420014b,Huawei
420014c,Apple
420014d,Oppo
420014e,Apple
420014f,Apple
4200150,Apple
4200151,Apple
4200152,Samsung
4200153,Xiaomi
4200154,Xiaomi
4200155,Oppo
4200156,Oppo
4200157,Huawei
4200158,Xiaomi
4200159,Xiaomi
420015a,Samsung
420015b,Xiaomi
420015c,Huawei
420015d,Apple
420015e,Samsung
420015f,Xiaomi
4200160,Oppo
4200161,Xiaomi
4200162,Samsung
4200163,Apple
4200164,Huawei
4200165,Oppo
4200166,Apple
4200167,Xiaomi
4200168,Oppo
4200169,Apple
420016a,Apple
420016b,Apple
420016c,Huawei
420016d,Apple
420016e,Huawei
420016f,Apple
4200170,Apple
4200171,Samsung
4200172,Huawei
4200173,Oppo
4200174,Apple
4200175,Huawei
4200176,Apple
4200177,Oppo
4200178,Apple
4200179,Huawei
420017a,Apple
420017b,Oppo
420017c,Samsung
420017d,Apple
420017e,Apple
420017f,Apple
4200180,Huawei
4200181,Huawei
4200182,Apple
4200183,Huawei
4200184,Oppo
4200185,Apple
4200186,Apple
4200187,Xiaomi
4200188,Huawei
4200189,Oppo
420018a,Oppo
420018b,Apple
420018c,Oppo
420018d,Apple
420018e,Xiaomi
420018f,Samsung
4200190,Xiaomi
4200191,Samsung
4200192,Oppo
4200193,Xiaomi
4200194,Oppo
4200195,Xiaomi
4200196,Huawei
4200197,Apple
4200198,Oppo
4200199,Samsung
420019a,Apple
420019b,Samsung
420019c,Samsung
420019d,Oppo
420019e,Apple
420019f,Huawei
42001a0,Xiaomi
42001a1,Apple
42001a2,Apple
42001a3,Oppo
42001a4,Samsung
42001a5,Apple
42001a6,Huawei
42001a7,Apple
42001a8,Xiaomi
42001a9,Xiaomi
42001aa,Huawei
42001ab,Apple
42001ac,Samsung
42001ad,Huawei
42001ae,Huawei
42001af,Oppo
42001b0,Oppo
42001b1,Oppo
42001b2,Apple
42001b3,Samsung
42001b4,Apple
42001b5,Xiaomi
42001b6,Oppo
42001b7,Apple
42001b8,Xiaomi
42001b9,Apple
42001ba,Apple
42001bb,Apple
42001bc,Apple
42001bd,Huawei
42001be,Huawei
42001bf,Oppo
42001c1,Apple
42001c2,Huawei
42001c5,Huawei
42001c6,Xiaomi
42001c7,Apple
42001c8,Huawei
42001c9,Apple
42001ca,Apple
42001cb,Xiaomi
42001cc,Samsung
42001cd,Xiaomi
42001ce,Apple
42001cf,Samsung
42001d0,Samsung
42001d1,Xiaomi
42001d2,Xiaomi
42001d3,Huawei
42001d4,Oppo
42001d5,Samsung
42001d6,Apple
42001d7,Apple
42001d8,Samsung
42001d9,Samsung
42001da,Apple
42001dc,Xiaomi
42001dd,Apple
42001de,Samsung
42001df,Apple
42001,Apple
420010,Xiaomi
4200100,Samsung
42001000,Huawei
420010000,Xiaomi
4200100000,Samsung
42001000000,Huawei
420010000000,Apple
4200100000000,Xiaomi
42001000000000,Huawei
42001ea,Huawei
42001eb,Apple
42001ec,Samsung
42001ed,Oppo
42001ee,Samsung
42001ef,Oppo
42001f0,Oppo
42001f1,Samsung
42001f2,Xiaomi
42001f4,Apple
42001fe,Apple
42001ff,Samsung
4200200,Samsung
4200201,Oppo
4200202,Oppo
4200203,Samsung
4200204,Apple
4200205,Oppo
4200206,Apple
4200207,Samsung
4200208,Apple
4200209,Apple
420020a,Huawei
420020d,Apple
420020e,Oppo
4200211,Oppo
4200212,Samsung
4200214,Apple
4200215,Samsung
4200216,Apple
4200217,Apple
4200218,Apple
4200219,Apple
420021a,Xiaomi
420021b,Oppo
420021c,Huawei
420021d,Samsung
420021e,Xiaomi
420021f,Samsung
4200220,Apple
4200221,Samsung
4200222,Apple
4200223,Huawei
4200224,Samsung
4200225,Oppo
4200226,Oppo
4200227,Huawei
4200228,Samsung
4200229,Xiaomi
420022a,Apple
420022b,Huawei
420022c,Oppo
420022d,Oppo
420022e,Huawei
420022f,Samsung
4200230,Oppo
4200231,Apple
4200232,Huawei
4200233,Apple
4200234,Apple
4200235,Samsung
4200236,Xiaomi
4200237,Apple
4200238,Huawei
4200239,Apple
420023a,Huawei
420023b,Apple
420023c,Apple
420023d,Apple
420025e,Apple
420025f,Samsung
4200260,Huawei
4200261,Huawei
4200262,Huawei
4200263,Apple
4200264,Samsung
4200265,Xiaomi
4200266,Apple
4200267,Oppo
4200268,Oppo
4200269,Huawei
420026a,Huawei
420026b,Samsung
420026c,Huawei
420026d,Xiaomi
420026e,Apple
420026f,Xiaomi
4200270,Huawei
4200271,Xiaomi
4200272,Xiaomi
4200273,Samsung
4200274,Apple
4200275,Huawei
4200276,Oppo
4200277,Samsung
4200278,Huawei
4200279,Huawei
420027a,Apple
420027b,Xiaomi
420027c,Xiaomi
420027d,Huawei
420027e,Samsung
420027f,Oppo
4200280,Apple
4200281,Oppo
4200296,Oppo
4200297,Huawei
4200298,Samsung
4200299,Huawei
420029a,Huawei
420029c,Samsung
420029d,Huawei
420029e,Samsung
420029f,Samsung
42002a0,Oppo
42002a1,Samsung
42002a2,Samsung
42002a3,Apple
42002a4,Samsung
42002a5,Xiaomi
42002a6,Samsung
42002a8,Apple
42002a9,Apple
42002aa,Xiaomi
42002ab,Xiaomi
42002ac,Samsung
42002ad,Oppo
42002ae,Samsung
42002af,Huawei
42002b0,Apple
42002b1,Samsung
42002b2,Apple
42002b3,Huawei
42002b4,Xiaomi
42002b5,Xiaomi
APZ,Samsung
AVIS,Samsung
BCOF,Oppo
BDCS,Oppo
BENS,Apple
CSBF,Apple
CVZ,Xiaomi
DCDS,Apple
DCZ,Huawei
DECF,Apple
DGNS,Samsung
DKHS,Apple
DUNS,Apple
EAZ,Oppo
FDCS,Apple
FOZ,Huawei
GLNS,Apple
GORS,Apple
HDWS,Huawei
ICCS,Huawei
JCWJ,Huawei
JCZ,Samsung
LBZ,Oppo
LPLS,Apple
MANS,Apple
MCNS,Xiaomi
MCPS,Huawei
MECS,Huawei
MLZ,Xiaomi
MOSS,Oppo
MSZ,Samsung
MSZS,Apple
NSBS,Samsung
NZAS,Samsung
OAMS,Huawei
ODZ,Apple
OPZ,Xiaomi
ORPS,Xiaomi
PKIS,Apple
PYZ,Apple
QTPS,Xiaomi
RLNS,Apple
RRKS,Apple
SECF,Oppo
SKFS,Xiaomi
SYZ,Apple
TAFS,Huawei
TKAS,Huawei
TMBS,Oppo
TRCS,Apple
TUZ,Xiaomi
TWAS,Huawei
WHZ,Oppo
WKZ,Xiaomi
WNPS,Xiaomi
